id,first_name,last_name,email
1,Richmond,Carlon,rcarlon0@tumblr.com
2,Brant,Schaumaker,bschaumaker1@google.com.br
3,Herman,Guyonnet,hguyonnet2@baidu.com
4,Mireille,Gyde,mgyde3@ameblo.jp
5,Clarie,De Caroli,cdecaroli4@deliciousdays.com
6,Osborne,Aldersea,oaldersea5@auda.org.au
7,Sheba,Benford,sbenford6@blogtalkradio.com
8,Sebastien,Radmer,sradmer7@creativecommons.org
9,Locke,Futter,lfutter8@sina.com.cn
10,Inna,Orrick,iorrick9@ezinearticles.com
11,Winne,Skelhorne,wskelhornea@is.gd
12,Jerrilyn,Kegley,jkegleyb@com.com
13,Cari,Messer,cmesserc@cornell.edu
14,Gates,Furze,gfurzed@samsung.com
15,Maury,Loker,mlokere@cyberchimps.com
16,Ara,Coale,acoalef@usatoday.com
17,Demetris,Cavil,dcavilg@google.com.au
18,Salvatore,Lambshine,slambshineh@washington.edu
19,Maddi,Southerell,msoutherelli@umn.edu
20,Ruthann,McKibben,rmckibbenj@time.com
21,Arte,Phipps,aphippsk@youku.com
22,Leann,Rault,lraultl@aboutads.info
23,Ruy,Braz,rbrazm@about.com
24,Kaycee,Garm,kgarmn@wikipedia.org
25,Arther,Oxenbury,aoxenburyo@devhub.com
26,Arny,Tichner,atichnerp@addtoany.com
27,Layney,Santus,lsantusq@about.com
28,Freddy,Ferrieroi,fferrieroir@scientificamerican.com
29,Masha,Mocquer,mmocquers@elegantthemes.com
30,Dunn,Dunderdale,ddunderdalet@opensource.org
31,Becca,Haymes,bhaymesu@forbes.com
32,Edithe,Espada,eespadav@sciencedaily.com
33,Donica,Birds,dbirdsw@blogger.com
34,Kellia,Glading,kgladingx@wp.com
35,Timotheus,Bawles,tbawlesy@wikimedia.org
36,Rhodie,Klemmt,rklemmtz@liveinternet.ru
37,Lorrie,Dabes,ldabes10@e-recht24.de
38,Adrea,Elcombe,aelcombe11@earthlink.net
39,Andris,Hamill,ahamill12@newsvine.com
40,Lynea,Simonassi,lsimonassi13@scribd.com
41,Lonnie,Sloy,lsloy14@disqus.com
42,Angeli,Garlett,agarlett15@creativecommons.org
43,Rachele,Lyndon,rlyndon16@hexun.com
44,Marigold,Cleminson,mcleminson17@w3.org
45,Preston,Westhead,pwesthead18@examiner.com
46,Nadiya,Butte,nbutte19@soup.io
47,Maxim,Gouge,mgouge1a@qq.com
48,Lorin,Coat,lcoat1b@netvibes.com
49,Antonetta,Bastock,abastock1c@biblegateway.com
50,Loraine,Manwell,lmanwell1d@gmpg.org
51,Patrizius,Carine,pcarine1e@google.com.hk
52,Judy,Pettingall,jpettingall1f@shinystat.com
53,Gilda,Gracewood,ggracewood1g@dmoz.org
54,Ivan,Geleman,igeleman1h@zimbio.com
55,Tannie,Kuzma,tkuzma1i@yandex.ru
56,Cleveland,Dussy,cdussy1j@yandex.ru
57,Kathi,Guidi,kguidi1k@privacy.gov.au
58,Linea,D'Hooge,ldhooge1l@altervista.org
59,Cahra,Ducarne,cducarne1m@4shared.com
60,Pippo,Wykes,pwykes1n@rambler.ru
61,Rockwell,Rigney,rrigney1o@bizjournals.com
62,Leonore,Hast,lhast1p@clickbank.net
63,Melisenda,Freeland,mfreeland1q@hatena.ne.jp
64,Cindelyn,Bowdery,cbowdery1r@51.la
65,Stefa,Robardet,srobardet1s@kickstarter.com
66,Lonny,Esley,lesley1t@economist.com
67,Osmond,Snalum,osnalum1u@miitbeian.gov.cn
68,Deirdre,Slocket,dslocket1v@dailymail.co.uk
69,Kaile,Dumberell,kdumberell1w@surveymonkey.com
70,Jada,Cuberley,jcuberley1x@mapy.cz
71,Harri,Clendennen,hclendennen1y@ovh.net
72,Holli,Niset,hniset1z@cyberchimps.com
73,Magnum,Board,mboard20@utexas.edu
74,Arabela,Eyden,aeyden21@cornell.edu
75,Bren,Sidgwick,bsidgwick22@skype.com
76,Susannah,Pavitt,spavitt23@si.edu
77,Nikolas,Custard,ncustard24@huffingtonpost.com
78,Frances,Biddiss,fbiddiss25@posterous.com
79,Chadwick,Oleszkiewicz,coleszkiewicz26@myspace.com
80,Essy,Spencelayh,espencelayh27@webnode.com
81,Constantina,Fowles,cfowles28@wikipedia.org
82,Ailina,Boecke,aboecke29@noaa.gov
83,Collette,Milroy,cmilroy2a@com.com
84,Bruce,Dilston,bdilston2b@comsenz.com
85,Mamie,Diche,mdiche2c@techcrunch.com
86,Etta,St. Aubyn,estaubyn2d@t.co
87,Fabien,Colton,fcolton2e@nationalgeographic.com
88,Hillyer,O'Cooney,hocooney2f@icq.com
89,Constance,Keers,ckeers2g@weebly.com
90,Debi,Carnihan,dcarnihan2h@nba.com
91,Candis,Jerger,cjerger2i@ucoz.ru
92,Gus,Olsen,golsen2j@baidu.com
93,Reeba,Estcourt,restcourt2k@tripod.com
94,Anabal,Whatford,awhatford2l@mapy.cz
95,Edlin,Stonman,estonman2m@marriott.com
96,Marcello,Khosa,mkhosa2n@vimeo.com
97,Don,Khoter,dkhoter2o@phpbb.com
98,Shannon,Semered,ssemered2p@soundcloud.com
99,Nap,Paley,npaley2q@sogou.com
100,Marcile,Puden,mpuden2r@dion.ne.jp
