first_name,last_name,email
Corbett,Uzielli,cuzielli0@marketwatch.com
Claudian,Python,cpython1@furl.net
Mitchael,Seal,mseal2@icio.us
Peyton,Lahy,plahy3@engadget.com
Rourke,Jantzen,rjantzen4@vistaprint.com
Mamie,Lewisham,mlewisham5@mtv.com
Alvy,Harrisson,aharrisson6@arizona.edu
Noelyn,Annis,nannis7@yandex.ru
Odille,Graveston,ograveston8@uol.com.br
Mariel,Groundwater,mgroundwater9@tiny.cc
Silvia,Norval,snorvala@alibaba.com
Fidelia,Leckie,fleckieb@tinypic.com
Carlen,Levington,clevingtonc@wunderground.com
Madelene,Pendrid,mpendridd@chron.com
Aurelia,Liverock,aliverocke@newsvine.com
Spike,Narracott,snarracottf@dyndns.org
Hiram,Roderick,hroderickg@vkontakte.ru
Chiquita,Massow,cmassowh@ucoz.com
Collette,Ayto,caytoi@zdnet.com
Lay,Kachel,lkachelj@scribd.com
Silvanus,Rosebotham,srosebothamk@sciencedirect.com
Flori,Riddiford,friddifordl@dagondesign.com
Patten,Dorling,pdorlingm@dailymotion.com
Rosanna,Van Velde,rvanvelden@dagondesign.com
Stuart,Dignan,sdignano@theguardian.com
Marney,Cruikshank,mcruikshankp@creativecommons.org
Wallace,Broader,wbroaderq@xrea.com
Alvie,Bayliss,abaylissr@ftc.gov
Cassandra,Denver,cdenvers@dot.gov
Angil,Torpie,atorpiet@histats.com
Yvor,Lycett,ylycettu@liveinternet.ru
Ninnetta,Arnot,narnotv@noaa.gov
Kellen,Beedie,kbeediew@wikia.com
Colette,Tegler,cteglerx@github.com
Tara,McKniely,tmcknielyy@unicef.org
Mersey,Pittoli,mpittoliz@state.tx.us
Kriste,Kimbury,kkimbury10@1688.com
Miguela,Christofor,mchristofor11@cornell.edu
Lucky,Veracruysse,lveracruysse12@china.com.cn
Pauly,Haldenby,phaldenby13@ocn.ne.jp
Shirlee,Burnand,sburnand14@state.gov
Noah,Shaves,nshaves15@geocities.jp
Anallese,Haddacks,ahaddacks16@purevolume.com
Fritz,Golly,fgolly17@about.me
Mareah,Spyer,mspyer18@tmall.com
Bradan,Dood,bdood19@blogger.com
Faulkner,Boatman,fboatman1a@networkadvertising.org
Urbanus,Cruikshanks,ucruikshanks1b@arstechnica.com
Rozanna,Spadaro,rspadaro1c@sciencedirect.com
Jayne,Nisard,jnisard1d@hao123.com
