first_name,last_name,email,gender,salary,weight,age,height,Country
Jeni,Radborne,jradborne0@statcounter.com,Female,$41499.57,96,23,5,Philippines
Addy,Vockins,avockins1@goodreads.com,Female,$11273.94,94,46,7,China
Stefan,Kitteridge,skitteridge2@oakley.com,Male,$18321.47,87,41,6,Nigeria
Hyatt,Dungate,hdungate3@w3.org,Male,$93141.07,50,33,5,Poland
Anni,Folomkin,afolomkin4@wiley.com,Female,$98292.30,95,29,6,Mexico
Katy,O'Crigan,kocrigan5@oakley.com,Female,$36497.79,72,34,7,Russia
Glynn,Adamec,gadamec6@timesonline.co.uk,Male,$22272.14,82,25,4,France
Perle,Clowser,pclowser7@earthlink.net,Female,$22637.33,56,32,7,Honduras
Audrey,Browncey,abrowncey8@tumblr.com,Female,$42430.11,68,42,5,Bulgaria
Pincus,Tulk,ptulk9@netlog.com,Male,$63021.35,88,45,6,France
Phyllys,Slowly,pslowlya@hostgator.com,Female,$43617.98,65,45,7,Netherlands
Rowe,Compston,rcompstonb@princeton.edu,Female,$72999.15,55,46,6,Mongolia
Florry,Emanuel,femanuelc@naver.com,Female,$78648.98,52,21,5,Kyrgyzstan
Sylvia,Hinckes,shinckesd@youku.com,Female,$56895.77,72,39,7,China
Gael,Berringer,gberringere@slate.com,Male,$59027.92,50,49,6,Mexico
Delaney,Bragge,dbraggef@umich.edu,Male,$63455.06,85,37,7,Poland
Erinn,Hazeldean,ehazeldeang@cloudflare.com,Female,$22737.07,52,49,5,Armenia
Phoebe,Biaggelli,pbiaggellih@cnn.com,Female,$47746.94,59,21,5,China
Grete,Creed,gcreedi@sina.com.cn,Female,$98673.08,54,21,4,Japan
Janela,Petigrew,jpetigrewj@cpanel.net,Female,$47354.03,94,27,6,Lithuania
Carri,Josefson,cjosefsonk@amazon.co.uk,Female,$12316.35,100,29,6,Kazakhstan
Annadiane,Ernke,aernkel@amazon.com,Female,$93752.41,64,37,7,Indonesia
Devon,Toma,dtomam@php.net,Female,$36324.93,66,24,6,Kenya
Giulia,Yandle,gyandlen@columbia.edu,Female,$66189.58,81,28,5,Russia
Dori,Yele,dyeleo@clickbank.net,Female,$10461.73,88,45,7,China
Valery,Seczyk,vseczykp@imdb.com,Female,$45880.96,100,49,5,Thailand
Briant,Gentric,bgentricq@sphinn.com,Male,$95502.03,100,44,4,Philippines
Pearline,Van Hove,pvanhover@people.com.cn,Female,$65015.64,95,44,6,Portugal
Cassaundra,Bonus,cbonuss@umich.edu,Female,$94013.27,71,42,7,Philippines
Laverna,Marioneau,lmarioneaut@php.net,Female,$58688.53,100,22,7,China
Wyatan,Parkhouse,wparkhouseu@fc2.com,Male,$57211.35,62,24,6,China
Rosco,Gavan,rgavanv@cmu.edu,Male,$80474.48,77,47,5,Indonesia
Karleen,Kummerlowe,kkummerlowew@mapy.cz,Female,$10166.12,50,38,5,France
Kimberlee,Beals,kbealsx@yellowbook.com,Female,$67700.65,62,37,6,Czech Republic
Isiahi,Coatman,icoatmany@bbc.co.uk,Male,$93925.25,65,41,4,Philippines
Cam,Batchelar,cbatchelarz@mac.com,Female,$46495.53,98,33,5,China
Seward,Knowlton,sknowlton10@123-reg.co.uk,Male,$72863.92,71,30,5,China
Lynnet,Drogan,ldrogan11@ftc.gov,Female,$94463.25,95,40,6,Russia
Ophelie,Boulstridge,oboulstridge12@shareasale.com,Female,$42007.96,94,41,7,France
Anthia,Wildblood,awildblood13@businesswire.com,Female,$46287.93,51,24,5,China
Geralda,Stempe,gstempe14@nsw.gov.au,Female,$70432.36,94,25,4,Canada
Darin,Giffaut,dgiffaut15@army.mil,Male,$82602.77,86,23,5,Argentina
Jasen,Pollett,jpollett16@slideshare.net,Male,$23024.49,70,45,5,Brazil
Tristam,Weson,tweson17@vkontakte.ru,Male,$44095.51,87,28,6,Russia
Parke,Turri,pturri18@ning.com,Male,$61909.81,86,31,4,United States
Edith,Wadworth,ewadworth19@networkadvertising.org,Female,$32383.61,99,50,4,Finland
Anderson,Lathleiff,alathleiff1a@guardian.co.uk,Male,$99877.45,62,31,5,Switzerland
Hendrik,Easby,heasby1b@tripod.com,Male,$60832.32,54,25,5,Philippines
Olenka,Harriday,oharriday1c@google.es,Female,$30335.72,79,19,7,United States
Kirsti,Glader,kglader1d@exblog.jp,Female,$74655.53,59,45,7,Canada
Carroll,McLugish,cmclugish1e@rambler.ru,Female,$78212.71,90,36,4,China
Ahmad,Grief,agrief1f@liveinternet.ru,Male,$57752.84,75,36,5,Indonesia
Ossie,Rosencrantz,orosencrantz1g@cafepress.com,Male,$20069.14,61,18,4,China
Rafaela,Polkinhorn,rpolkinhorn1h@networkadvertising.org,Female,$19659.86,62,49,6,France
Quentin,Lawrie,qlawrie1i@comsenz.com,Female,$91036.91,51,38,4,Thailand
Inglis,Dempsey,idempsey1j@hp.com,Male,$31978.18,58,18,7,Bahrain
Adelheid,Phelips,aphelips1k@g.co,Female,$92148.43,65,48,7,Kazakhstan
Emmy,Kalaher,ekalaher1l@about.com,Female,$59895.97,53,43,4,Czech Republic
Ariella,Brymner,abrymner1m@ning.com,Female,$75639.16,51,23,6,Japan
Alexine,Muckloe,amuckloe1n@sfgate.com,Female,$35271.09,90,22,5,China
Ash,Ecclesall,aecclesall1o@domainmarket.com,Male,$73162.59,66,19,5,Sweden
Shalom,Ricciardo,sricciardo1p@umich.edu,Male,$26803.39,75,34,6,Finland
Kala,Skupinski,kskupinski1q@thetimes.co.uk,Female,$75072.74,69,45,5,Nicaragua
Rania,Fleisch,rfleisch1r@state.tx.us,Female,$34660.79,85,41,5,Russia
Ceciley,Spoward,cspoward1s@admin.ch,Female,$74069.82,69,31,7,United States
Pepe,Donat,pdonat1t@jigsy.com,Male,$40899.65,96,21,7,Mali
Cyrillus,Mohamed,cmohamed1u@qq.com,Male,$99773.86,63,22,4,Syria
Sascha,Croxley,scroxley1v@wunderground.com,Female,$77745.88,80,42,5,China
Tristam,Kimm,tkimm1w@example.com,Male,$33572.81,77,48,6,Philippines
Louis,Du Fray,ldufray1x@moonfruit.com,Male,$92733.42,55,44,6,China
Liliane,Bayfield,lbayfield1y@tripadvisor.com,Female,$12216.18,75,34,4,Russia
Querida,Goodhall,qgoodhall1z@soup.io,Female,$37083.49,72,46,4,China
Kristina,Gronauer,kgronauer20@hud.gov,Female,$37121.66,54,29,7,Greece
Portie,Rochester,prochester21@irs.gov,Male,$84550.49,87,32,4,Croatia
Den,Goggins,dgoggins22@biblegateway.com,Male,$64322.88,76,31,6,France
Kalil,Anselm,kanselm23@unicef.org,Male,$35145.69,77,20,4,Comoros
Elva,Belitz,ebelitz24@weebly.com,Female,$20848.35,94,33,5,Chad
Tiffanie,Hiscoe,thiscoe25@hao123.com,Female,$59014.56,79,26,4,China
Vilma,Dilland,vdilland26@photobucket.com,Female,$57363.05,54,45,4,Indonesia
Leicester,Rathborne,lrathborne27@dyndns.org,Male,$40584.97,92,29,7,Bangladesh
Bobbie,Drysdale,bdrysdale28@zimbio.com,Male,$31230.49,52,33,7,Canada
Roxie,Stegell,rstegell29@ftc.gov,Female,$86202.33,59,33,6,Argentina
Calla,Fleckness,cfleckness2a@odnoklassniki.ru,Female,$80521.08,57,26,4,Indonesia
Emory,Jeanesson,ejeanesson2b@jimdo.com,Male,$45509.51,67,21,5,China
Shamus,Bartul,sbartul2c@flickr.com,Male,$88055.29,65,42,6,Indonesia
Heath,Bril,hbril2d@pbs.org,Male,$96817.39,51,48,6,Brazil
Bernie,Algeo,balgeo2e@blogger.com,Female,$45601.50,79,23,6,Poland
Moishe,Durston,mdurston2f@toplist.cz,Male,$64222.71,68,21,6,Indonesia
Francoise,Bolzen,fbolzen2g@tumblr.com,Female,$62378.89,58,30,7,Cuba
Dallas,Fesby,dfesby2h@howstuffworks.com,Male,$37629.01,97,30,4,Philippines
Marylynne,Halward,mhalward2i@tmall.com,Female,$42702.55,95,19,6,Canada
Tate,Bellison,tbellison2j@dell.com,Female,$49058.18,67,32,4,Palestinian Territory
Davey,Loosely,dloosely2k@dedecms.com,Male,$83436.68,69,29,5,Mauritius
Belita,Kinch,bkinch2l@bing.com,Female,$67494.31,68,24,6,Indonesia
Gris,Reinard,greinard2m@scientificamerican.com,Male,$33019.30,66,31,7,China
Darryl,Westberg,dwestberg2n@biblegateway.com,Male,$68133.53,57,44,6,France
Ilaire,Walak,iwalak2o@cyberchimps.com,Male,$21900.89,75,41,5,China
Tam,Sibthorpe,tsibthorpe2p@state.tx.us,Male,$30556.14,66,26,7,Philippines
Welsh,Frayn,wfrayn2q@mashable.com,Male,$58427.41,98,43,4,France
Sidoney,Ollie,sollie2r@ted.com,Female,$48029.39,89,25,4,Netherlands
Lorry,Skerme,lskerme2s@domainmarket.com,Female,$64317.10,89,42,4,Sweden
Natty,Kingsman,nkingsman2t@toplist.cz,Female,$39911.72,70,44,5,China
Tommi,Lethbridge,tlethbridge2u@goo.gl,Female,$74676.75,74,36,4,Czech Republic
Darrell,Sharpling,dsharpling2v@free.fr,Male,$62689.65,70,30,4,Mauritius
Milton,Grubb,mgrubb2w@economist.com,Male,$89742.62,59,28,5,Finland
Arther,Witson,awitson2x@ft.com,Male,$87115.04,80,29,4,Venezuela
Wandis,Jemmett,wjemmett2y@canalblog.com,Female,$51198.81,96,23,6,Japan
Camey,McAllaster,cmcallaster2z@seesaa.net,Male,$76401.04,55,21,7,France
Jody,Nerne,jnerne30@privacy.gov.au,Female,$84543.10,81,39,5,France
Alano,Edelheit,aedelheit31@kickstarter.com,Male,$91275.69,90,26,4,Syria
Natalya,Hardingham,nhardingham32@theatlantic.com,Female,$97366.61,69,25,7,Uganda
Isaiah,Franseco,ifranseco33@geocities.jp,Male,$12335.86,91,48,5,China
Clint,Perkis,cperkis34@goo.ne.jp,Male,$73064.52,58,42,4,Brazil
Guillaume,Sweedy,gsweedy35@1und1.de,Male,$92461.12,56,46,4,Nigeria
Gerard,Ellcome,gellcome36@dyndns.org,Male,$77629.42,56,20,6,France
Ethan,Dusting,edusting37@networkadvertising.org,Male,$54488.00,60,18,4,Indonesia
Justine,De Atta,jdeatta38@geocities.jp,Female,$84886.95,55,42,4,Philippines
Pennie,Parley,pparley39@usnews.com,Female,$50420.37,66,45,4,Croatia
Xenos,Conachy,xconachy3a@nih.gov,Male,$12482.56,75,40,4,Colombia
Janina,Naldrett,jnaldrett3b@mlb.com,Female,$30807.30,57,25,7,Canada
Tonye,Laughlan,tlaughlan3c@pbs.org,Female,$85735.68,60,35,7,Colombia
Freddie,Fenlon,ffenlon3d@typepad.com,Male,$32533.70,51,21,6,Czech Republic
Neala,Wehden,nwehden3e@technorati.com,Female,$70292.22,74,41,5,China
Rice,Howell,rhowell3f@ucoz.com,Male,$19660.47,84,23,4,Russia
Odetta,Revington,orevington3g@columbia.edu,Female,$64561.95,96,26,5,Afghanistan
Ava,Donativo,adonativo3h@sphinn.com,Female,$71806.46,52,27,4,Ukraine
Persis,Powrie,ppowrie3i@bigcartel.com,Female,$55933.50,60,44,7,Brazil
Tory,Viel,tviel3j@last.fm,Female,$92618.40,82,49,5,Greece
Maren,Jerke,mjerke3k@plala.or.jp,Female,$88522.96,66,48,6,Indonesia
Marcelline,Olland,molland3l@google.com.br,Female,$80110.73,86,49,4,Papua New Guinea
Cornell,Reboul,creboul3m@meetup.com,Male,$40491.44,58,38,5,China
Janessa,Willacot,jwillacot3n@chicagotribune.com,Female,$63438.64,91,28,5,Poland
Klaus,Pulman,kpulman3o@vkontakte.ru,Male,$84461.94,51,22,6,China
Boigie,Benbow,bbenbow3p@earthlink.net,Male,$50756.31,65,33,5,Russia
Bella,Tomaszczyk,btomaszczyk3q@rambler.ru,Female,$57187.60,74,45,5,China
Maryl,Learoyde,mlearoyde3r@purevolume.com,Female,$45661.13,91,43,5,Malaysia
Rafe,Naptine,rnaptine3s@ibm.com,Male,$70157.32,61,31,5,Cuba
Jaine,O'Hoolahan,johoolahan3t@amazon.de,Female,$17052.52,51,23,5,Czech Republic
Rutter,Juett,rjuett3u@ask.com,Male,$93798.04,67,41,4,Argentina
Pieter,Colecrough,pcolecrough3v@nhs.uk,Male,$41550.20,90,23,4,Indonesia
Amerigo,Fiorentino,afiorentino3w@github.com,Male,$42057.84,83,47,6,Greece
Guenevere,Casiroli,gcasiroli3x@plala.or.jp,Female,$93280.98,79,33,4,Bulgaria
Rheta,Gurko,rgurko3y@sakura.ne.jp,Female,$43869.43,79,32,6,Portugal
Deane,Omand,domand3z@amazon.co.jp,Female,$42597.75,85,35,6,Armenia
Cassondra,Wintle,cwintle40@china.com.cn,Female,$99341.75,88,44,5,China
Dirk,Arpur,darpur41@seattletimes.com,Male,$22373.68,74,30,4,Nigeria
Carolan,Haws,chaws42@unc.edu,Female,$53539.98,100,32,4,China
Merlina,Di Giacomettino,mdigiacomettino43@howstuffworks.com,Female,$17024.53,89,45,4,Sudan
Nikolaos,Heineking,nheineking44@globo.com,Male,$69673.43,65,24,7,Portugal
Goldarina,Winning,gwinning45@irs.gov,Female,$82830.10,71,28,6,Nigeria
Verene,Ovesen,vovesen46@ameblo.jp,Female,$94661.95,78,21,7,United States
Wilton,Harriskine,wharriskine47@apache.org,Male,$84957.18,69,45,7,China
Danica,Eastmead,deastmead48@jugem.jp,Female,$90431.26,87,23,7,Sweden
Sandy,Dewey,sdewey49@ehow.com,Male,$40020.37,99,49,7,Spain
Melisande,Clowney,mclowney4a@jimdo.com,Female,$64400.35,89,37,4,France
Antonin,McElrath,amcelrath4b@issuu.com,Male,$91842.42,84,48,4,Colombia
Karlens,Bunclark,kbunclark4c@webeden.co.uk,Male,$48984.78,68,27,4,Armenia
Nell,Mercer,nmercer4d@unc.edu,Female,$49561.80,96,24,5,China
Iorgos,Cary,icary4e@scribd.com,Male,$53925.17,79,29,4,France
Moyna,Lisciardelli,mlisciardelli4f@hatena.ne.jp,Female,$22732.16,50,34,5,China
Theodore,O'Sirin,tosirin4g@slideshare.net,Male,$19930.91,51,29,6,Indonesia
Johnathan,Foden,jfoden4h@vistaprint.com,Male,$23455.41,65,31,6,China
Marc,Arlott,marlott4i@slate.com,Male,$84335.74,73,24,6,France
Ernst,Blencoe,eblencoe4j@histats.com,Male,$83125.84,72,39,4,Afghanistan
Ellswerth,Serrell,eserrell4k@oakley.com,Male,$61545.22,59,27,6,Indonesia
Brigid,Blackwell,bblackwell4l@shinystat.com,Female,$92600.40,51,19,7,China
Josias,Petrak,jpetrak4m@pen.io,Male,$56373.16,95,27,7,China
Terrie,Shalcras,tshalcras4n@yahoo.co.jp,Female,$85383.69,59,24,6,Portugal
Keane,Vittle,kvittle4o@zimbio.com,Male,$48836.12,54,18,6,Philippines
Everard,Capron,ecapron4p@friendfeed.com,Male,$84615.28,73,25,7,Brazil
Anita,Degue,adegue4q@tinyurl.com,Female,$42632.76,99,38,4,China
Dulsea,Rottenbury,drottenbury4r@shareasale.com,Female,$28138.23,70,19,5,Ukraine
Timi,Molian,tmolian4s@ask.com,Female,$83749.41,76,43,4,Brazil
Manon,Ennew,mennew4t@unc.edu,Female,$18314.74,83,24,6,China
Sidnee,Cluse,scluse4u@vimeo.com,Male,$42074.97,88,18,5,Canada
Tabina,Lenormand,tlenormand4v@e-recht24.de,Female,$74169.68,77,45,5,Sweden
Lissi,Hawkridge,lhawkridge4w@slideshare.net,Female,$44141.04,72,39,4,United States
Worthy,Jeacock,wjeacock4x@youtube.com,Male,$90693.58,57,47,4,Aland Islands
Bentlee,Wiffill,bwiffill4y@usnews.com,Male,$54838.40,79,43,4,Philippines
Jaye,Le Grys,jlegrys4z@google.nl,Male,$45137.98,68,47,5,Poland
Kermit,Hatchard,khatchard50@newyorker.com,Male,$92686.05,100,29,4,China
Gordy,Frankum,gfrankum51@mac.com,Male,$76581.06,50,33,5,United States
Morgen,Bourtoumieux,mbourtoumieux52@canalblog.com,Male,$30698.80,72,44,5,China
Myrna,Higgonet,mhiggonet53@moonfruit.com,Female,$26945.73,54,48,6,Greece
Rawley,Fewings,rfewings54@tripod.com,Male,$35299.76,67,20,7,China
Farra,Copperwaite,fcopperwaite55@clickbank.net,Female,$29312.11,76,35,6,Vietnam
Suzi,Zuann,szuann56@a8.net,Female,$84258.99,59,25,5,Peru
Burton,Farndon,bfarndon57@paginegialle.it,Male,$78049.36,60,40,4,Japan
Roxanne,Batsford,rbatsford58@github.com,Female,$67860.55,51,30,6,France
Edithe,Kaliszewski,ekaliszewski59@lulu.com,Female,$37659.53,96,35,5,Palestinian Territory
Garret,Bosman,gbosman5a@sakura.ne.jp,Male,$63991.48,55,18,7,Portugal
Free,De Giorgio,fdegiorgio5b@de.vu,Male,$86079.94,83,30,7,Brazil
Brigit,Hacun,bhacun5c@w3.org,Female,$40476.73,84,40,6,China
Lanae,Dominelli,ldominelli5d@mtv.com,Female,$75656.70,70,49,6,Sudan
Fairleigh,Isaq,fisaq5e@slideshare.net,Male,$53909.04,67,25,7,Sweden
Dorri,Bernot,dbernot5f@house.gov,Female,$56417.31,54,23,6,China
Lonni,Roath,lroath5g@nyu.edu,Female,$34698.08,55,18,4,Philippines
Jodie,Chidler,jchidler5h@umich.edu,Male,$75310.61,95,30,7,Portugal
Alfie,Scotchbourouge,ascotchbourouge5i@nyu.edu,Female,$71061.56,70,40,4,China
Freddie,Flacknell,fflacknell5j@multiply.com,Male,$87376.18,55,47,6,Sweden
Aldrich,Baradel,abaradel5k@bizjournals.com,Male,$49480.49,64,40,7,Greece
Benni,Fayerbrother,bfayerbrother5l@histats.com,Female,$76798.64,90,36,5,Democratic Republic of the Congo
Yetta,Gaythwaite,ygaythwaite5m@sciencedirect.com,Female,$65092.77,98,41,5,Venezuela
Fitzgerald,Rolls,frolls5n@google.com.hk,Male,$83927.23,69,29,6,Indonesia
Susy,Carlton,scarlton5o@bandcamp.com,Female,$67248.73,79,29,4,China
Durward,Gierth,dgierth5p@va.gov,Male,$48721.48,74,30,4,China
Iggy,Kelland,ikelland5q@globo.com,Male,$42233.74,76,41,6,Mexico
Derward,Vasilic,dvasilic5r@msn.com,Male,$99571.41,76,47,6,Philippines
Anica,Renforth,arenforth5s@booking.com,Female,$37838.81,55,18,5,Finland
Kinnie,Choake,kchoake5t@nytimes.com,Male,$16766.93,91,31,5,Poland
Jilli,Simmonite,jsimmonite5u@dyndns.org,Female,$12358.20,93,21,4,Russia
Shannan,Toll,stoll5v@seattletimes.com,Male,$39785.21,66,18,7,Slovenia
Yasmeen,Circuit,ycircuit5w@state.tx.us,Female,$27359.97,89,29,7,Pakistan
Ashby,Yanshin,ayanshin5x@dropbox.com,Male,$49020.09,88,38,5,Indonesia
Maisie,Mifflin,mmifflin5y@mozilla.org,Female,$68599.20,98,22,6,China
Clemmy,Gurling,cgurling5z@google.es,Male,$29453.44,99,23,4,Colombia
Forest,Ealden,fealden60@lulu.com,Male,$38594.19,100,33,7,Ecuador
Ginger,Daglish,gdaglish61@wikispaces.com,Male,$91026.88,81,42,7,Philippines
Marylin,Lindelof,mlindelof62@ucla.edu,Female,$62063.75,92,25,5,Madagascar
Harwilll,Sanday,hsanday63@blinklist.com,Male,$29785.98,77,19,7,China
Monty,Bracknall,mbracknall64@flickr.com,Male,$69298.31,67,46,4,Argentina
Loreen,Scardifield,lscardifield65@ucsd.edu,Female,$70604.72,62,31,4,China
Gearalt,Wapol,gwapol66@histats.com,Male,$91227.36,68,47,4,China
Simonette,Kuhnhardt,skuhnhardt67@reverbnation.com,Female,$67640.03,83,20,4,Mexico
Ramsay,Gerling,rgerling68@msu.edu,Male,$26348.59,78,33,7,Portugal
Dorolisa,Kroch,dkroch69@tinypic.com,Female,$28267.36,78,48,7,Finland
Ferris,Beresford,fberesford6a@cnn.com,Male,$94044.67,96,45,4,China
Caritta,Stouther,cstouther6b@a8.net,Female,$68375.45,58,18,7,Indonesia
Ibby,Cockayme,icockayme6c@marketwatch.com,Female,$33657.53,68,48,4,Peru
Lionel,Oherlihy,loherlihy6d@ca.gov,Male,$81253.26,56,28,6,China
Rodolphe,Castagne,rcastagne6e@admin.ch,Male,$73109.88,68,19,6,China
Audi,Panichelli,apanichelli6f@theguardian.com,Female,$40874.79,53,26,5,Russia
Jobie,Sweeten,jsweeten6g@google.pl,Female,$64285.91,50,49,4,Brazil
Amalea,Hancox,ahancox6h@ucla.edu,Female,$79361.45,90,47,7,Russia
Cam,MacChaell,cmacchaell6i@merriam-webster.com,Female,$12753.91,83,34,5,Philippines
Stephie,Theunissen,stheunissen6j@bizjournals.com,Female,$23742.16,71,22,6,Lebanon
Jules,Byres,jbyres6k@cmu.edu,Male,$86124.09,87,36,7,Brazil
Robena,Trenouth,rtrenouth6l@boston.com,Female,$14891.59,88,19,6,Marshall Islands
Hulda,Benditt,hbenditt6m@dion.ne.jp,Female,$71291.87,64,40,4,Brazil
Gunner,Lisciandri,glisciandri6n@vimeo.com,Male,$40341.42,64,40,6,Russia
Jori,Glidden,jglidden6o@yandex.ru,Female,$79678.62,71,48,6,China
Christiane,Rumbold,crumbold6p@plala.or.jp,Female,$53929.16,96,34,5,Sweden
Alf,Guislin,aguislin6q@pcworld.com,Male,$26298.40,88,36,4,Palestinian Territory
Jayme,Broader,jbroader6r@prlog.org,Male,$45053.94,62,46,5,China
Ivor,Leblanc,ileblanc6s@techcrunch.com,Male,$58994.60,80,41,4,Russia
Ezequiel,Nassi,enassi6t@jigsy.com,Male,$18676.66,82,47,7,Belarus
Ragnar,Addeycott,raddeycott6u@de.vu,Male,$66659.23,82,30,5,Philippines
Rebekah,McTerry,rmcterry6v@lulu.com,Female,$13923.24,74,48,4,China
Any,Scutter,ascutter6w@google.nl,Male,$81157.65,55,31,7,Indonesia
Herve,Tomaino,htomaino6x@comcast.net,Male,$60324.30,98,47,6,Indonesia
Ebeneser,Feldberg,efeldberg6y@sohu.com,Male,$64344.16,81,44,5,Indonesia
Konstanze,Purdey,kpurdey6z@hibu.com,Female,$90629.15,57,19,6,Portugal
Torrin,Schoenrock,tschoenrock70@jiathis.com,Male,$94793.09,82,35,7,China
Hermann,Sutlieff,hsutlieff71@altervista.org,Male,$74588.26,79,20,7,Peru
Caroline,Laughlin,claughlin72@shutterfly.com,Female,$17944.30,52,39,4,Cyprus
Bail,Crathorne,bcrathorne73@ftc.gov,Male,$64391.14,79,34,4,China
Vail,Sleit,vsleit74@google.com.hk,Male,$73638.56,91,20,7,Israel
Antonino,Sterrick,asterrick75@dot.gov,Male,$79591.11,65,41,5,United States
Camile,Ebbitt,cebbitt76@buzzfeed.com,Female,$51472.74,99,47,5,France
Bearnard,Rasp,brasp77@ucoz.com,Male,$16641.60,90,19,5,Dominican Republic
Haily,Itzcak,hitzcak78@baidu.com,Male,$85650.66,57,35,4,China
Lauren,Gummoe,lgummoe79@weebly.com,Male,$97852.83,83,18,5,China
Martainn,Giggs,mgiggs7a@cornell.edu,Male,$93197.27,92,33,4,Chile
Viviyan,Chinge,vchinge7b@imageshack.us,Female,$71118.72,76,27,5,China
Valentijn,Bahia,vbahia7c@github.com,Male,$39604.99,95,50,7,Philippines
Jolie,Enevoldsen,jenevoldsen7d@dell.com,Female,$55715.38,51,28,6,Russia
Kingsly,Berger,kberger7e@reference.com,Male,$49583.60,81,37,4,Argentina
Minta,Ridge,mridge7f@drupal.org,Female,$75382.10,86,27,6,United States
Wiatt,Creaser,wcreaser7g@scientificamerican.com,Male,$82361.91,99,18,4,Portugal
Patin,Cuskery,pcuskery7h@nature.com,Male,$58646.84,58,42,5,Russia
Berkie,Vigars,bvigars7i@marketwatch.com,Male,$90156.04,84,46,7,Brazil
Rivkah,Corryer,rcorryer7j@latimes.com,Female,$42999.63,92,33,4,Costa Rica
Aimil,Gomez,agomez7k@geocities.jp,Female,$77605.09,64,42,5,France
Zaria,Sheward,zsheward7l@google.co.jp,Female,$70401.69,67,36,4,Sweden
Bailey,Romayne,bromayne7m@jiathis.com,Male,$49779.11,91,40,7,Sweden
Rockey,Lindholm,rlindholm7n@usnews.com,Male,$31595.78,76,19,7,United States
Isadore,Esposita,iesposita7o@tripadvisor.com,Male,$11033.92,50,23,5,China
Clevey,Fish,cfish7p@ucoz.com,Male,$13151.03,55,26,6,Ukraine
Waldemar,Armatys,warmatys7q@prweb.com,Male,$55208.77,81,42,7,Iran
Nicole,Aisman,naisman7r@acquirethisname.com,Female,$19194.65,61,21,4,China
Modesty,Adhams,madhams7s@digg.com,Female,$12109.99,55,22,5,Gabon
Joshua,Brenton,jbrenton7t@wiley.com,Male,$41217.55,64,47,7,Thailand
Tristan,Rosenauer,trosenauer7u@parallels.com,Male,$96203.35,92,25,5,Thailand
Mitchell,Mcasparan,mmcasparan7v@skype.com,Male,$91616.66,88,33,7,Vietnam
Waldon,Zannelli,wzannelli7w@tinyurl.com,Male,$58222.56,58,39,4,Ukraine
Bordy,Gulliford,bgulliford7x@timesonline.co.uk,Male,$76052.69,87,36,4,Mongolia
Si,Chattell,schattell7y@howstuffworks.com,Male,$86694.75,64,45,6,China
Mari,Goldster,mgoldster7z@telegraph.co.uk,Female,$54389.77,57,42,4,Mexico
Arluene,Medlin,amedlin80@sogou.com,Female,$33762.33,80,40,5,Poland
Kinnie,Peach,kpeach81@hubpages.com,Male,$24371.69,53,40,5,China
Kale,Harwin,kharwin82@jigsy.com,Male,$31296.98,83,37,6,Indonesia
Mirabelle,Dreossi,mdreossi83@home.pl,Female,$36797.07,97,33,4,China
Cornell,Custance,ccustance84@sohu.com,Male,$48200.27,66,32,6,China
Stepha,Bassham,sbassham85@parallels.com,Female,$47425.04,93,48,6,Philippines
Hamel,Isaacs,hisaacs86@fotki.com,Male,$62628.71,73,23,7,Japan
Decca,Dreini,ddreini87@yahoo.com,Male,$57947.94,76,19,5,Morocco
Libbey,Gamet,lgamet88@shinystat.com,Female,$62527.12,71,23,7,Indonesia
Roderich,Fransewich,rfransewich89@epa.gov,Male,$35099.95,60,37,6,Indonesia
Adler,Catling,acatling8a@pinterest.com,Male,$22460.64,61,44,4,Pakistan
Winfred,Solland,wsolland8b@abc.net.au,Male,$62186.62,96,18,6,Honduras
Josee,Brine,jbrine8c@buzzfeed.com,Female,$24802.68,61,19,7,China
Ardelis,Giraudot,agiraudot8d@cisco.com,Female,$44810.87,99,22,7,Philippines
Lona,Claige,lclaige8e@w3.org,Female,$54587.50,78,34,7,Albania
Trent,Saltmarshe,tsaltmarshe8f@stumbleupon.com,Male,$64731.74,96,47,6,China
Ernie,Felderer,efelderer8g@hud.gov,Male,$21189.26,54,47,5,Indonesia
Saunder,Slewcock,sslewcock8h@apple.com,Male,$43687.42,93,47,6,Sri Lanka
Masha,Shimmin,mshimmin8i@archive.org,Female,$40659.77,92,47,7,Armenia
Tracey,Matityahu,tmatityahu8j@ocn.ne.jp,Male,$46199.78,85,28,7,Brazil
Glory,Franzotto,gfranzotto8k@about.com,Female,$61204.47,98,42,5,Finland
Ema,Brockway,ebrockway8l@icio.us,Female,$58315.41,85,21,5,Poland
Bartel,Treanor,btreanor8m@indiegogo.com,Male,$41221.84,62,49,5,Egypt
Standford,Hourihane,shourihane8n@dailymail.co.uk,Male,$82137.99,67,21,5,Philippines
Ewell,Gogerty,egogerty8o@google.ca,Male,$66015.36,52,22,4,Peru
Stern,Longhorn,slonghorn8p@google.co.jp,Male,$32003.13,77,21,6,Angola
Ellette,De Hooch,edehooch8q@examiner.com,Female,$66754.95,84,37,4,China
Erhart,Mortimer,emortimer8r@loc.gov,Male,$27509.28,51,35,4,Brazil
Ragnar,Aldred,raldred8s@blinklist.com,Male,$38216.26,60,48,4,France
Blake,Mossop,bmossop8t@purevolume.com,Male,$49939.46,93,50,5,Sweden
Torie,Baggett,tbaggett8u@ask.com,Female,$68259.27,64,43,4,Sweden
Caldwell,Streetfield,cstreetfield8v@list-manage.com,Male,$77441.41,62,46,5,France
Eimile,Cutbush,ecutbush8w@ucoz.ru,Female,$83354.72,77,47,5,Philippines
Nathalie,Guierre,nguierre8x@amazon.com,Female,$38378.08,56,41,7,Slovenia
Rickie,Delacote,rdelacote8y@seesaa.net,Female,$81229.75,57,41,7,China
Patin,Bonhome,pbonhome8z@dyndns.org,Male,$93135.10,63,40,7,China
Noach,Austin,naustin90@posterous.com,Male,$83513.31,69,41,7,Brazil
Kaitlyn,Valero,kvalero91@t.co,Female,$30698.59,64,36,4,United States
Gabie,Sime,gsime92@clickbank.net,Male,$54184.27,86,21,4,Honduras
Elonore,Robic,erobic93@mtv.com,Female,$77119.31,72,29,5,Indonesia
Benedict,Pentland,bpentland94@desdev.cn,Male,$46808.60,95,32,5,Philippines
Justen,Keiling,jkeiling95@canalblog.com,Male,$45084.87,80,21,6,Israel
Shaylyn,Gibbie,sgibbie96@archive.org,Female,$98475.34,100,27,6,Indonesia
Bobette,Eles,beles97@hud.gov,Female,$73392.53,86,37,6,Brazil
Bethanne,Larrie,blarrie98@sogou.com,Female,$93718.92,78,23,4,Bosnia and Herzegovina
Sholom,Oliver,soliver99@squidoo.com,Male,$16157.15,68,50,4,Chad
Nikolaos,Elgey,nelgey9a@chicagotribune.com,Male,$11240.72,61,24,5,Nigeria
Jenda,Jorcke,jjorcke9b@craigslist.org,Female,$52412.76,64,37,4,France
Arri,Burree,aburree9c@amazon.de,Male,$12766.40,63,49,6,China
Archambault,Kimmons,akimmons9d@kickstarter.com,Male,$21543.41,99,20,5,Russia
Marney,Balser,mbalser9e@seesaa.net,Female,$25524.64,76,48,7,China
Dianna,Stubbins,dstubbins9f@delicious.com,Female,$60130.34,68,50,4,Peru
Lilli,Storcke,lstorcke9g@timesonline.co.uk,Female,$36189.43,86,19,7,Tanzania
Marietta,Axworthy,maxworthy9h@army.mil,Male,$31887.81,79,31,6,Kenya
Tammy,Jackes,tjackes9i@github.com,Male,$28281.06,100,26,6,Jordan
Kathryne,Excell,kexcell9j@jimdo.com,Female,$81678.03,98,48,7,China
Minetta,Comiam,mcomiam9k@google.ru,Female,$32900.44,59,29,4,China
Zorine,Sicha,zsicha9l@addthis.com,Female,$87934.10,84,48,5,Russia
Ottilie,Frayling,ofrayling9m@oaic.gov.au,Female,$14694.37,87,25,4,Vietnam
Eran,Kreuzer,ekreuzer9n@github.com,Female,$36720.49,84,37,6,Peru
Lloyd,Cosgrave,lcosgrave9o@meetup.com,Male,$15993.16,56,23,7,United Kingdom
Bethany,Letertre,bletertre9p@zimbio.com,Female,$98161.64,84,37,5,Canada
Barrie,Struthers,bstruthers9q@tamu.edu,Female,$42042.61,73,30,6,Indonesia
Freemon,Benediktsson,fbenediktsson9r@google.it,Male,$96577.19,75,22,7,China
Ethe,Oulet,eoulet9s@list-manage.com,Male,$77163.98,92,45,5,Germany
Gerardo,Sandison,gsandison9t@mtv.com,Male,$64184.07,99,44,4,Moldova
Kinsley,Bilam,kbilam9u@github.io,Male,$70776.79,81,24,4,Vietnam
Elbertine,De la Perrelle,edelaperrelle9v@ucla.edu,Female,$81988.84,84,19,4,Philippines
Hyacintha,Smissen,hsmissen9w@kickstarter.com,Female,$25526.97,56,19,4,United States
Sullivan,Boote,sboote9x@kickstarter.com,Male,$65137.29,61,36,4,China
Lyle,Frost,lfrost9y@simplemachines.org,Male,$19282.20,59,25,7,Indonesia
Vern,Schaffler,vschaffler9z@aboutads.info,Male,$16686.39,52,24,7,China
Fanechka,Gravener,fgravenera0@wordpress.com,Female,$46494.07,58,21,7,Russia
Sholom,Sturte,ssturtea1@wikia.com,Male,$57360.70,79,19,5,United States
Karolina,Witherington,kwitheringtona2@msu.edu,Female,$79213.87,65,35,6,Uruguay
Nickey,Pykerman,npykermana3@goo.ne.jp,Male,$13095.54,74,32,5,Poland
Mead,Friedlos,mfriedlosa4@goo.gl,Male,$74188.56,96,50,4,Macedonia
Wyatan,De Marchi,wdemarchia5@patch.com,Male,$91316.67,51,38,6,Palestinian Territory
Winny,Duligal,wduligala6@goo.ne.jp,Male,$69779.78,93,40,6,Czech Republic
Drugi,Pollicatt,dpollicatta7@chicagotribune.com,Male,$46547.69,91,37,7,Japan
Yevette,Jakubovitch,yjakubovitcha8@nationalgeographic.com,Female,$43245.06,69,23,7,Philippines
Rubetta,Dunning,rdunninga9@parallels.com,Female,$46674.85,71,46,5,Peru
Issiah,O' Faherty,iofahertyaa@mtv.com,Male,$73994.46,82,39,6,Iraq
Alison,Crack,acrackab@goo.gl,Female,$98278.13,78,41,4,Bangladesh
Coriss,Ibeson,cibesonac@gizmodo.com,Female,$95603.35,76,29,6,Brazil
Lilla,Greenhowe,lgreenhowead@goo.ne.jp,Female,$55556.79,63,40,7,Thailand
Zachery,Durand,zdurandae@weebly.com,Male,$27854.97,56,22,4,Indonesia
Alford,Sinnie,asinnieaf@tripod.com,Male,$28534.52,63,27,6,Indonesia
Magdaia,Mickleburgh,mmickleburghag@cyberchimps.com,Female,$70181.45,87,28,4,Colombia
Cynthia,Froschauer,cfroschauerah@admin.ch,Female,$81584.00,79,43,6,Russia
Lavena,Swainsbury,lswainsburyai@usa.gov,Female,$76589.27,50,31,7,China
Lelia,Pepin,lpepinaj@answers.com,Female,$93304.96,80,34,5,Malaysia
Eddy,Bosnell,ebosnellak@diigo.com,Male,$91649.71,86,30,7,Brazil
Zacharie,MacIlory,zmaciloryal@sun.com,Male,$63168.66,55,24,6,Germany
Aylmar,MacParland,amacparlandam@unblog.fr,Male,$57471.42,58,38,6,Senegal
Roman,Gooda,rgoodaan@hibu.com,Male,$14678.56,50,36,6,Indonesia
Ingra,Girardi,igirardiao@bing.com,Male,$61967.49,78,47,7,Ukraine
Merilyn,Bazell,mbazellap@wikispaces.com,Female,$26724.18,70,48,4,China
Emylee,Gunderson,egundersonaq@guardian.co.uk,Female,$45497.82,99,21,4,El Salvador
Annabelle,Falkingham,afalkinghamar@telegraph.co.uk,Female,$91359.98,61,20,4,Portugal
Wallas,Cardiff,wcardiffas@telegraph.co.uk,Male,$71516.41,81,19,4,Poland
Angeline,Sparrow,asparrowat@vimeo.com,Female,$99805.47,96,28,4,France
Reed,Dowall,rdowallau@usgs.gov,Male,$73194.90,67,41,4,China
Madlen,Metts,mmettsav@spiegel.de,Female,$22617.19,65,30,6,Philippines
Andeee,Mulran,amulranaw@twitpic.com,Female,$84654.44,76,22,5,China
Durant,Duthie,dduthieax@vkontakte.ru,Male,$30879.38,67,37,6,China
Nonna,Scotchmor,nscotchmoray@tmall.com,Female,$96926.09,55,37,7,Portugal
Osmund,Kegley,okegleyaz@nhs.uk,Male,$79261.09,67,30,6,Brazil
Glyn,Richardson,grichardsonb0@4shared.com,Female,$16029.00,69,31,4,Poland
Oralia,Sheilds,osheildsb1@craigslist.org,Female,$82332.72,75,28,6,Russia
Jeanie,Alsobrook,jalsobrookb2@tamu.edu,Female,$90329.40,69,29,7,China
Normy,Stronough,nstronoughb3@google.pl,Male,$91671.17,98,26,5,Indonesia
Ash,Figger,afiggerb4@51.la,Male,$82139.49,62,24,6,Mongolia
Nady,De Antoni,ndeantonib5@hugedomains.com,Female,$15370.64,82,18,6,Thailand
Nita,Jean,njeanb6@dagondesign.com,Female,$16849.05,66,37,6,Philippines
Bernarr,Cubberley,bcubberleyb7@tmall.com,Male,$19151.58,54,31,6,China
Prudi,Pentecost,ppentecostb8@tripadvisor.com,Female,$19822.50,65,48,5,Poland
Kristopher,Nolda,knoldab9@delicious.com,Male,$84453.13,50,45,6,Belarus
Normand,Ewington,newingtonba@miibeian.gov.cn,Male,$58100.18,78,48,7,China
Ruggiero,Glozman,rglozmanbb@paypal.com,Male,$96782.13,55,38,7,Argentina
Carree,Beseke,cbesekebc@patch.com,Female,$24967.37,97,32,4,Philippines
Tessa,Dengel,tdengelbd@upenn.edu,Female,$33852.28,53,35,4,Greece
Tanya,Blanc,tblancbe@cmu.edu,Female,$23429.50,89,30,7,France
Sybyl,Tuison,stuisonbf@privacy.gov.au,Female,$79283.00,60,29,6,France
Gordy,Beed,gbeedbg@bluehost.com,Male,$65267.76,59,46,5,Costa Rica
Helen-elizabeth,Cary,hcarybh@plala.or.jp,Female,$22505.88,89,28,7,Poland
Staford,Timothy,stimothybi@hubpages.com,Male,$25983.36,97,44,6,China
Therine,Hugues,thuguesbj@histats.com,Female,$19178.98,52,23,6,Honduras
Iris,Morford,imorfordbk@imdb.com,Female,$90835.69,99,40,7,China
Bunnie,Dorken,bdorkenbl@ihg.com,Female,$36519.96,88,27,7,United States
Chase,Wasielewicz,cwasielewiczbm@mac.com,Male,$96196.45,94,38,5,Indonesia
Garek,Reichert,greichertbn@indiegogo.com,Male,$62288.38,64,38,7,Colombia
Sonja,Ayerst,sayerstbo@washingtonpost.com,Female,$97797.21,91,43,5,Philippines
Hattie,Dreelan,hdreelanbp@netscape.com,Female,$72224.28,79,28,5,Argentina
Parry,Storie,pstoriebq@ox.ac.uk,Male,$97672.56,63,46,7,United States
Opalina,Burnett,oburnettbr@networksolutions.com,Female,$70273.34,70,29,5,Portugal
Vin,Primak,vprimakbs@chron.com,Male,$88180.20,96,35,4,Indonesia
Doroteya,Jellybrand,djellybrandbt@blogger.com,Female,$46291.35,81,40,7,Poland
Arleen,Matskiv,amatskivbu@altervista.org,Female,$59040.01,94,44,6,Japan
Cordelia,Robatham,crobathambv@washington.edu,Female,$29029.15,58,31,7,Indonesia
Lorne,Kinch,lkinchbw@gmpg.org,Male,$31022.03,62,48,4,Indonesia
Abraham,Pratton,aprattonbx@gnu.org,Male,$14566.44,56,33,6,China
Kimbra,Dougary,kdougaryby@uiuc.edu,Female,$98682.76,72,19,7,Russia
Griz,Fraschini,gfraschinibz@sphinn.com,Male,$69447.90,55,50,7,Poland
Patten,Warlowe,pwarlowec0@sohu.com,Male,$99616.43,100,19,7,China
Cristy,Kirmond,ckirmondc1@163.com,Female,$87595.92,86,30,4,Mongolia
Franky,Raison,fraisonc2@google.ru,Male,$93744.11,91,37,5,Honduras
Nonnah,Lavigne,nlavignec3@nba.com,Female,$33337.65,68,48,6,Poland
Tann,Daviddi,tdaviddic4@yolasite.com,Male,$73332.27,93,35,6,China
Harv,Satchel,hsatchelc5@ebay.co.uk,Male,$98043.15,51,29,6,Poland
Marieann,Gaitskell,mgaitskellc6@washington.edu,Female,$68285.13,68,24,6,Brazil
Antony,Bedward,abedwardc7@cnn.com,Male,$84190.94,80,49,6,Russia
Davita,Bushel,dbushelc8@xing.com,Female,$40325.26,52,21,5,Philippines
Zoe,Koba,zkobac9@sourceforge.net,Female,$34953.62,99,19,7,Portugal
Hansiain,Beentjes,hbeentjesca@spiegel.de,Male,$79967.65,52,40,4,Indonesia
Alejandra,Archambault,aarchambaultcb@craigslist.org,Female,$99275.44,53,48,6,Costa Rica
Garek,Bourrel,gbourrelcc@indiatimes.com,Male,$85911.40,99,35,5,Palestinian Territory
Laney,Fernandes,lfernandescd@berkeley.edu,Male,$79477.36,56,45,7,Kuwait
Fidel,Valois,fvaloisce@g.co,Male,$67916.95,68,43,7,China
Rubie,Carey,rcareycf@oaic.gov.au,Female,$33761.73,77,20,4,Uruguay
Esdras,Wyman,ewymancg@baidu.com,Male,$13187.04,96,48,5,China
Brand,Portress,bportressch@wix.com,Male,$10238.42,69,43,4,Russia
Madel,Esom,mesomci@buzzfeed.com,Female,$35430.70,93,46,7,China
Fredi,Bonds,fbondscj@cyberchimps.com,Female,$41998.08,76,46,4,Madagascar
Janaya,Josephsen,jjosephsenck@jugem.jp,Female,$29891.76,64,37,4,China
Merrielle,Budnik,mbudnikcl@booking.com,Female,$45626.40,96,44,6,France
Ivan,Gaucher,igauchercm@ucsd.edu,Male,$89297.78,70,31,6,Macedonia
Zsazsa,Meekins,zmeekinscn@state.tx.us,Female,$63537.22,69,34,4,Philippines
Bowie,Archley,barchleyco@fda.gov,Male,$22924.82,80,32,7,Brazil
Elisa,Birmingham,ebirminghamcp@va.gov,Female,$59101.24,69,22,7,Philippines
Thane,De Bruyne,tdebruynecq@acquirethisname.com,Male,$90058.70,54,46,7,Ukraine
Witty,Stollsteiner,wstollsteinercr@amazon.de,Male,$14022.63,70,23,6,France
Grady,Critchard,gcritchardcs@biglobe.ne.jp,Male,$52572.04,84,29,5,Colombia
Herschel,Leap,hleapct@geocities.jp,Male,$57587.84,87,26,5,Ukraine
Vina,Sayle,vsaylecu@cargocollective.com,Female,$72439.97,85,48,4,China
Garrot,Ridolfi,gridolficv@usda.gov,Male,$24085.28,73,24,7,Syria
Clotilda,Coggill,ccoggillcw@howstuffworks.com,Female,$10657.12,96,38,4,Morocco
Rici,Franzke,rfranzkecx@qq.com,Female,$24952.91,62,36,7,Sudan
Dennet,Hartrick,dhartrickcy@china.com.cn,Male,$26988.35,82,35,4,Argentina
Dorotea,Rawsthorne,drawsthornecz@mozilla.org,Female,$14605.63,80,25,7,Afghanistan
Boris,Tarrant,btarrantd0@walmart.com,Male,$98045.49,50,31,6,China
Vi,Bilby,vbilbyd1@photobucket.com,Female,$86495.44,99,38,4,Japan
Theadora,Peiro,tpeirod2@bing.com,Female,$46100.21,69,34,5,Nigeria
Corly,Crampsey,ccrampseyd3@ftc.gov,Female,$71199.17,78,26,5,Brazil
Katrinka,Ingrey,kingreyd4@paypal.com,Female,$70971.24,78,36,4,Russia
Bar,Swannack,bswannackd5@multiply.com,Male,$77102.59,82,31,5,United States
Gisela,Blenkiron,gblenkirond6@weibo.com,Female,$23523.87,58,26,6,Poland
Morgana,Joselevitz,mjoselevitzd7@list-manage.com,Female,$58230.36,95,30,7,Paraguay
Dara,Kieran,dkierand8@goo.gl,Female,$19212.28,70,45,7,Ethiopia
Patsy,Duerden,pduerdend9@mapquest.com,Male,$97888.29,100,49,6,Ukraine
Sapphira,Dametti,sdamettida@va.gov,Female,$69475.15,71,38,4,Portugal
Toddie,Nunn,tnunndb@dailymotion.com,Male,$13597.90,72,23,5,Portugal
Alick,Lamblot,alamblotdc@csmonitor.com,Male,$17109.08,89,19,4,Russia
Kenneth,Windrus,kwindrusdd@weebly.com,Male,$66466.56,91,21,5,United States
Leonie,Blackall,lblackallde@howstuffworks.com,Female,$53404.75,69,29,4,United States
Roland,Littleton,rlittletondf@pinterest.com,Male,$46105.66,70,40,5,Palestinian Territory
Stormi,Longman,slongmandg@wordpress.org,Female,$80693.59,77,39,5,Macedonia
Caye,Thorndale,cthorndaledh@squidoo.com,Female,$20290.23,63,44,6,Ukraine
Micheal,Aggiss,maggissdi@etsy.com,Male,$90157.11,96,20,5,Russia
Stephine,Flanner,sflannerdj@wikia.com,Female,$99073.64,76,46,7,Greece
Edik,Timmens,etimmensdk@dagondesign.com,Male,$61178.84,69,26,5,France
Colan,Girvin,cgirvindl@desdev.cn,Male,$61402.87,89,22,6,Poland
Wilt,Littley,wlittleydm@clickbank.net,Male,$11347.10,80,42,7,Russia
Robinette,Halwood,rhalwooddn@unesco.org,Female,$40604.50,74,22,5,Japan
Shep,Paroni,sparonido@jimdo.com,Male,$46101.04,69,43,5,China
Venus,Bourdice,vbourdicedp@ameblo.jp,Female,$29249.98,100,27,4,Sweden
Kaile,Stanfield,kstanfielddq@plala.or.jp,Female,$31319.81,56,34,6,Slovenia
Gussy,Barfield,gbarfielddr@yolasite.com,Female,$20408.62,70,29,7,China
Bordy,Geerits,bgeeritsds@hexun.com,Male,$79832.78,61,43,5,Philippines
Margery,Coytes,mcoytesdt@cbslocal.com,Female,$14096.35,85,39,5,Indonesia
Kippy,Ioselev,kioselevdu@amazon.com,Female,$25958.66,54,24,5,Philippines
Dewie,Benson,dbensondv@sina.com.cn,Male,$51100.77,80,42,4,Czech Republic
Corbin,Keesman,ckeesmandw@nps.gov,Male,$82798.39,67,19,4,Australia
Johan,Mogey,jmogeydx@yolasite.com,Male,$80583.81,56,45,7,Finland
Ruddie,Parfrey,rparfreydy@360.cn,Male,$91880.04,80,48,4,Sweden
Camel,Lithcow,clithcowdz@gnu.org,Female,$47407.40,94,28,6,Cameroon
Joellyn,Fateley,jfateleye0@oaic.gov.au,Female,$34950.58,64,26,5,Indonesia
Faber,Nibloe,fnibloee1@macromedia.com,Male,$85082.60,87,33,5,United States
Sansone,Ferreres,sferrerese2@ca.gov,Male,$15638.31,54,38,7,Brazil
Denni,Flexman,dflexmane3@woothemes.com,Female,$80343.34,84,39,4,France
Arny,Aristide,aaristidee4@buzzfeed.com,Male,$12384.73,97,44,5,Poland
Lin,Aiers,laierse5@constantcontact.com,Female,$96974.66,68,43,4,China
Mercie,Flowerden,mflowerdene6@pinterest.com,Female,$10986.10,53,20,7,Senegal
Chico,Goude,cgoudee7@canalblog.com,Male,$28748.75,71,23,7,Russia
Modestine,Lavis,mlavise8@google.es,Female,$34798.66,54,21,6,China
Gavra,Leale,glealee9@goo.ne.jp,Female,$37258.45,66,37,4,China
Charin,Baldree,cbaldreeea@sogou.com,Female,$30982.98,64,36,7,China
Dana,Streatfeild,dstreatfeildeb@scribd.com,Male,$44639.87,96,37,5,Indonesia
Antonino,Lewis,alewisec@admin.ch,Male,$11523.94,68,24,7,Canada
Arther,Anshell,aanshelled@sogou.com,Male,$20689.29,96,29,5,China
Ellary,Heisham,eheishamee@sitemeter.com,Male,$42345.75,100,46,4,China
Colby,Penhalurick,cpenhalurickef@blogspot.com,Male,$62063.63,81,26,6,United States
Claudia,Howey,choweyeg@wikispaces.com,Female,$15834.11,51,25,4,Sri Lanka
Kari,Buscombe,kbuscombeeh@fc2.com,Female,$90520.57,75,31,5,Philippines
Christophe,Nelhams,cnelhamsei@nsw.gov.au,Male,$92195.66,58,39,7,Norway
Warde,Issacoff,wissacoffej@live.com,Male,$76823.35,75,20,5,Indonesia
Elly,Stoll,estollek@digg.com,Female,$76606.95,61,36,4,Thailand
Boris,Kinnoch,bkinnochel@tiny.cc,Male,$26860.98,54,42,4,China
Gerek,MacCaughan,gmaccaughanem@china.com.cn,Male,$62249.38,99,50,5,Russia
Hyman,Mockford,hmockforden@ning.com,Male,$20623.96,82,39,4,Madagascar
Bryce,Bradden,bbraddeneo@photobucket.com,Male,$11508.20,55,34,4,Moldova
Stesha,Madill,smadillep@posterous.com,Female,$74329.79,97,33,4,South Korea
Tabb,Kiss,tkisseq@google.co.uk,Male,$71442.57,82,31,5,Indonesia
Erda,Vellacott,evellacotter@t.co,Female,$13507.06,84,26,6,Ukraine
Braden,Brea,bbreaes@latimes.com,Male,$90908.27,60,46,6,Russia
Nessy,Hacaud,nhacaudet@dion.ne.jp,Female,$25480.31,67,46,5,Morocco
Cleon,Liell,clielleu@ihg.com,Male,$91450.03,54,22,4,Ukraine
Robb,Shirtliff,rshirtliffev@seesaa.net,Male,$26079.91,84,43,7,Brazil
Ennis,Eallis,eeallisew@edublogs.org,Male,$59008.17,95,21,7,Albania
Benedikta,Dreelan,bdreelanex@wix.com,Female,$82134.38,78,19,6,South Africa
Uri,Berardt,uberardtey@cbsnews.com,Male,$99341.69,93,39,6,Comoros
Alasdair,Jurasz,ajuraszez@1688.com,Male,$36983.23,91,33,7,Canada
Herold,Marzelle,hmarzellef0@a8.net,Male,$68406.97,61,46,7,Indonesia
Gwendolen,Hoyt,ghoytf1@mapy.cz,Female,$11997.84,76,31,4,Indonesia
Tadd,Duplan,tduplanf2@jugem.jp,Male,$55054.37,67,45,6,Spain
Zed,Rodinger,zrodingerf3@comcast.net,Male,$28416.62,55,20,5,Ecuador
Martica,Bonhan,mbonhanf4@mysql.com,Female,$58039.94,73,41,6,Thailand
Golda,Buckler,gbucklerf5@time.com,Female,$69651.02,100,31,4,Philippines
Decca,Maulden,dmauldenf6@theatlantic.com,Male,$79589.61,76,29,5,Russia
Annalee,Bottle,abottlef7@reddit.com,Female,$92026.11,77,32,4,Poland
Orion,Meece,omeecef8@squidoo.com,Male,$49401.87,66,37,5,Norfolk Island
Mitzi,Ducroe,mducroef9@ameblo.jp,Female,$17895.69,99,21,4,Bhutan
Shae,Collinson,scollinsonfa@sourceforge.net,Male,$82934.86,61,35,7,Indonesia
Nevile,Thundercliffe,nthundercliffefb@comcast.net,Male,$78892.74,65,34,6,Philippines
Barry,Gorey,bgoreyfc@mozilla.com,Female,$86167.02,84,22,5,China
Dawn,Garfit,dgarfitfd@prweb.com,Female,$75866.74,97,24,5,Indonesia
Elka,Robken,erobkenfe@github.com,Female,$56503.66,77,39,7,Sweden
Constancia,Dorow,cdorowff@nytimes.com,Female,$43646.73,76,41,4,Honduras
Ciel,Sheirlaw,csheirlawfg@digg.com,Female,$87452.98,91,26,5,South Africa
Raddie,Hutt,rhuttfh@prweb.com,Male,$42535.14,96,18,6,Thailand
Gwynne,Rintoul,grintoulfi@purevolume.com,Female,$78131.96,74,35,5,China
Kaitlyn,Bispham,kbisphamfj@yandex.ru,Female,$64702.27,58,18,7,Indonesia
Raine,Renon,rrenonfk@taobao.com,Female,$67220.69,74,30,4,France
Ericka,Corbally,ecorballyfl@utexas.edu,Female,$32454.87,81,48,5,China
Maridel,Dibbin,mdibbinfm@hubpages.com,Female,$47486.78,82,19,6,Swaziland
Daryn,Bengal,dbengalfn@google.nl,Female,$34958.93,99,18,6,Pakistan
Muhammad,Neissen,mneissenfo@ebay.co.uk,Male,$89484.52,94,49,5,Nigeria
Janifer,Yerborn,jyerbornfp@theguardian.com,Female,$29646.26,71,22,6,Brazil
Ricki,Ciottoi,rciottoifq@angelfire.com,Male,$17607.96,65,24,4,Portugal
Trumaine,Quarles,tquarlesfr@squarespace.com,Male,$94256.12,99,31,4,Colombia
Crawford,Geane,cgeanefs@gizmodo.com,Male,$16849.23,96,50,5,Kuwait
Hans,Cowin,hcowinft@ihg.com,Male,$87819.25,91,40,6,Sweden
Dalli,Vowdon,dvowdonfu@sogou.com,Male,$34795.54,64,34,4,Thailand
Evan,Cathery,ecatheryfv@opera.com,Male,$98460.10,78,44,7,Germany
Helena,Phythean,hphytheanfw@webnode.com,Female,$90005.63,67,27,4,Macedonia
Gawen,Pountney,gpountneyfx@google.nl,Male,$92709.57,60,47,5,Kazakhstan
Tamarra,Mepsted,tmepstedfy@cnet.com,Female,$19015.30,91,31,7,China
Neilla,Saintpierre,nsaintpierrefz@example.com,Female,$88506.13,57,19,7,Poland
Jeniffer,Dobie,jdobieg0@time.com,Female,$49879.60,87,24,6,Philippines
Linzy,Farrants,lfarrantsg1@ucoz.ru,Female,$96671.82,67,27,5,Brazil
Joana,Denziloe,jdenziloeg2@stumbleupon.com,Female,$58716.50,74,23,5,Guatemala
Frannie,Poe,fpoeg3@last.fm,Male,$89687.10,50,43,5,Philippines
Herschel,Haselup,hhaselupg4@furl.net,Male,$87333.85,74,46,6,China
Shel,Batterham,sbatterhamg5@hp.com,Female,$72932.45,86,43,6,Canada
Griffie,Fishleigh,gfishleighg6@guardian.co.uk,Male,$10081.65,66,50,5,China
Filippa,Massingberd,fmassingberdg7@nhs.uk,Female,$43274.86,95,23,4,Zimbabwe
Berta,Kretchmer,bkretchmerg8@nydailynews.com,Female,$34879.19,92,38,4,Laos
Eliza,Louedey,elouedeyg9@whitehouse.gov,Female,$64442.81,94,46,7,Luxembourg
Aubert,Berkelay,aberkelayga@studiopress.com,Male,$77153.93,63,32,6,Jamaica
Elysia,Bortoloni,ebortolonigb@plala.or.jp,Female,$76853.83,87,19,5,Indonesia
Gretel,Ilchenko,gilchenkogc@imageshack.us,Female,$32455.60,75,48,4,Brazil
Garv,Josefs,gjosefsgd@bbc.co.uk,Male,$18205.09,87,39,4,Myanmar
Kalindi,Ansteys,kansteysge@indiegogo.com,Female,$83823.56,68,29,4,China
Joya,Dehmel,jdehmelgf@yolasite.com,Female,$80596.88,88,48,5,United States
Faun,Leyes,fleyesgg@fda.gov,Female,$61207.20,58,18,5,Vietnam
Holden,Martinec,hmartinecgh@loc.gov,Male,$19402.43,71,47,4,Indonesia
Nessy,Egleton,negletongi@businesswire.com,Female,$74217.02,53,40,6,China
Louella,Fadden,lfaddengj@github.io,Female,$25097.50,62,22,6,Greece
Ethelda,Wadlow,ewadlowgk@fc2.com,Female,$31049.25,73,45,6,Sweden
Benn,Lyfield,blyfieldgl@buzzfeed.com,Male,$39988.66,96,45,4,China
Vivien,Sarfatti,vsarfattigm@ed.gov,Female,$32443.97,56,50,5,China
Arleyne,Dingle,adinglegn@biglobe.ne.jp,Female,$89642.90,58,22,7,Indonesia
Arron,Tesoe,atesoego@si.edu,Male,$31797.35,94,29,5,China
Dedra,Ferrero,dferrerogp@digg.com,Female,$46084.54,69,40,4,Tajikistan
Allin,Peskin,apeskingq@boston.com,Male,$73566.52,86,36,6,Russia
Matthieu,D'eathe,mdeathegr@webeden.co.uk,Male,$49101.01,91,34,5,Indonesia
Siusan,Hubert,shubertgs@rediff.com,Female,$65784.37,78,48,4,Greece
Matthaeus,Crispe,mcrispegt@businesswire.com,Male,$86595.55,56,44,5,China
Kissee,Marchi,kmarchigu@google.com.hk,Female,$63809.81,92,45,5,Jordan
Somerset,Morse,smorsegv@quantcast.com,Male,$77680.66,77,50,5,Netherlands
Hesther,Derrett,hderrettgw@dell.com,Female,$99393.28,69,31,5,Philippines
Robby,Antosch,rantoschgx@amazon.de,Male,$60792.48,51,46,4,Haiti
Georgena,Semeniuk,gsemeniukgy@angelfire.com,Female,$26188.15,65,24,5,Peru
Ian,Guitte,iguittegz@last.fm,Male,$30887.34,76,28,6,China
Cordelia,Wallworth,cwallworthh0@nih.gov,Female,$43085.65,51,35,5,Sweden
Celestia,Peatman,cpeatmanh1@gizmodo.com,Female,$72687.99,84,39,5,Canada
Davin,Jansey,djanseyh2@live.com,Male,$40472.65,55,44,6,China
Hillary,Stockow,hstockowh3@shinystat.com,Male,$72851.58,50,25,5,Austria
Claudio,Dunckley,cdunckleyh4@1688.com,Male,$78494.14,89,47,7,Russia
Tobey,Fishburn,tfishburnh5@cnbc.com,Female,$59605.71,56,23,5,France
Colver,Noblet,cnobleth6@360.cn,Male,$84127.42,87,20,6,Italy
Packston,Kneal,pknealh7@livejournal.com,Male,$42158.02,66,36,7,Yemen
Kath,Wharton,kwhartonh8@yelp.com,Female,$74602.07,92,47,7,Czech Republic
Lemmy,Kisar,lkisarh9@state.gov,Male,$89959.35,59,35,4,Sweden
Denni,Quest,dquestha@fastcompany.com,Female,$85344.69,73,34,4,Portugal
Raul,Deabill,rdeabillhb@over-blog.com,Male,$11353.25,89,25,4,Brazil
Izak,Chattey,ichatteyhc@japanpost.jp,Male,$22993.28,96,38,4,Poland
Constanta,Flux,cfluxhd@hostgator.com,Female,$42932.97,79,22,6,Portugal
Addy,Peterkin,apeterkinhe@tuttocitta.it,Female,$64399.25,89,47,7,Philippines
Sherye,Bouch,sbouchhf@bandcamp.com,Female,$27014.60,66,44,4,Russia
Elfrida,Robiot,erobiothg@plala.or.jp,Female,$24157.18,51,22,7,Japan
Modestia,Cossam,mcossamhh@census.gov,Female,$34516.03,81,41,5,Croatia
Hugibert,Burman,hburmanhi@a8.net,Male,$69660.32,57,41,7,Peru
Isabel,Elstow,ielstowhj@godaddy.com,Female,$65055.05,69,46,5,Indonesia
Leon,Dubery,lduberyhk@domainmarket.com,Male,$30408.86,89,23,7,China
Jesse,Blinder,jblinderhl@army.mil,Female,$35894.92,75,38,4,China
Gabi,Gutteridge,ggutteridgehm@independent.co.uk,Female,$45282.76,65,39,6,Croatia
Humphrey,Roch,hrochhn@adobe.com,Male,$79476.71,66,45,6,China
Amelie,Stirrip,astirripho@tiny.cc,Female,$58728.03,94,33,5,Peru
Donnie,Rignold,drignoldhp@merriam-webster.com,Female,$79239.35,53,40,4,China
Glen,Gregori,ggregorihq@360.cn,Male,$62705.10,66,29,6,China
Stephannie,Pitblado,spitbladohr@printfriendly.com,Female,$42968.76,77,46,4,China
Clarabelle,Bramall,cbramallhs@tinyurl.com,Female,$76989.34,85,50,7,China
Lizzie,O'Halleghane,lohalleghaneht@dmoz.org,Female,$86588.12,84,42,4,Japan
Yvette,Scrange,yscrangehu@fastcompany.com,Female,$12257.09,84,29,6,Portugal
Kath,Regenhardt,kregenhardthv@kickstarter.com,Female,$88425.29,67,39,6,Indonesia
Rutter,Hedau,rhedauhw@booking.com,Male,$63947.04,100,25,7,France
Whittaker,Ivanyutin,wivanyutinhx@boston.com,Male,$34247.78,93,30,4,Czech Republic
Rosetta,Cardus,rcardushy@dailymail.co.uk,Female,$12953.88,69,47,6,Indonesia
Kelcie,Pyson,kpysonhz@biglobe.ne.jp,Female,$12447.45,71,19,6,Indonesia
Violet,Cordall,vcordalli0@cisco.com,Female,$68620.39,83,50,6,Poland
Star,Gornall,sgornalli1@ask.com,Female,$17406.25,75,20,5,Poland
Raye,Fantin,rfantini2@bizjournals.com,Female,$74954.50,86,41,7,Tanzania
Charlotta,Blythin,cblythini3@tripod.com,Female,$53928.36,51,30,7,Vietnam
Julee,Srawley,jsrawleyi4@twitpic.com,Female,$68977.30,56,50,6,United States
Adria,Gilardi,agilardii5@blogspot.com,Female,$57939.64,68,47,6,Brazil
Donal,Varcoe,dvarcoei6@last.fm,Male,$71674.73,61,23,6,Philippines
Martica,Titchen,mtitcheni7@biblegateway.com,Female,$36425.50,60,30,4,Greece
Gertrudis,Jacomb,gjacombi8@nydailynews.com,Female,$14986.55,65,49,4,Mexico
Filippa,Babon,fbaboni9@imageshack.us,Female,$17987.46,58,49,6,Japan
Taryn,Daws,tdawsia@mozilla.com,Female,$69040.16,80,41,5,France
Felicia,Jamrowicz,fjamrowiczib@eepurl.com,Female,$35741.45,84,38,4,Indonesia
Casandra,Faldo,cfaldoic@ebay.co.uk,Female,$98782.47,81,41,4,China
Katleen,McKitterick,kmckitterickid@wp.com,Female,$29110.54,79,49,7,Portugal
Trina,Devita,tdevitaie@youku.com,Female,$25997.89,67,28,5,China
Dana,Canavan,dcanavanif@ustream.tv,Female,$55630.19,96,32,6,China
Tommie,Pole,tpoleig@eepurl.com,Male,$91632.71,52,43,5,Uruguay
Lyn,Garrold,lgarroldih@github.com,Male,$13943.27,81,49,6,Hungary
Benji,Kevlin,bkevlinii@yolasite.com,Male,$63742.87,66,25,4,Greece
Kelci,Vernalls,kvernallsij@ask.com,Female,$49706.26,50,42,4,Central African Republic
Collete,Leek,cleekik@squarespace.com,Female,$84893.53,98,18,6,China
Koenraad,Whitehurst,kwhitehurstil@yahoo.com,Male,$14226.12,67,25,5,Philippines
Arlee,Edel,aedelim@google.ca,Female,$86986.47,72,40,6,Philippines
Kassia,Pimblett,kpimblettin@google.co.jp,Female,$79319.43,91,40,7,Dominican Republic
Justine,Tregoning,jtregoningio@zdnet.com,Female,$63669.71,68,33,4,Poland
Edlin,Crowdson,ecrowdsonip@prnewswire.com,Male,$87850.68,92,49,5,Syria
Tobie,Bang,tbangiq@latimes.com,Male,$34943.31,74,20,4,China
Micah,Gerrett,mgerrettir@senate.gov,Male,$95667.93,63,48,6,Mongolia
Gavin,Brik,gbrikis@elegantthemes.com,Male,$95103.38,51,19,5,Russia
Franny,Boone,fbooneit@usatoday.com,Male,$16536.01,74,20,7,Russia
Fonz,Cicculini,fcicculiniiu@chicagotribune.com,Male,$88859.38,99,30,5,Russia
Josy,Jorcke,jjorckeiv@ow.ly,Female,$29684.51,67,37,7,Nigeria
Abner,Le Barre,alebarreiw@elpais.com,Male,$40412.00,53,46,4,Peru
Chevy,Necolds,cnecoldsix@google.com.au,Male,$82524.77,52,29,4,Poland
Gabriele,Goulstone,ggoulstoneiy@addthis.com,Male,$40138.64,77,48,5,Vietnam
Heddie,Garretts,hgarrettsiz@networksolutions.com,Female,$10653.55,82,18,7,China
Basilio,Crecy,bcrecyj0@tuttocitta.it,Male,$51106.57,58,24,7,Canada
Brent,MacCheyne,bmaccheynej1@scientificamerican.com,Male,$54151.44,99,27,5,Philippines
Angelita,Greet,agreetj2@ocn.ne.jp,Female,$53258.33,50,24,7,Indonesia
Brien,Ainsley,bainsleyj3@feedburner.com,Male,$89028.64,83,30,7,Micronesia
Lindsey,Creus,lcreusj4@usda.gov,Female,$22537.33,82,44,5,Spain
Annelise,Swalowe,aswalowej5@gravatar.com,Female,$44675.08,61,22,7,China
Lamar,Nurse,lnursej6@comcast.net,Male,$30896.98,71,42,6,Bosnia and Herzegovina
Fairleigh,Haylock,fhaylockj7@scribd.com,Male,$55367.30,62,30,4,Thailand
Fields,Charrisson,fcharrissonj8@yellowpages.com,Male,$56796.26,53,49,5,Chile
Connie,Jarrette,cjarrettej9@statcounter.com,Female,$35631.62,76,35,7,United States
Alix,von Hagt,avonhagtja@narod.ru,Female,$27442.73,71,36,6,France
Anthony,Concannon,aconcannonjb@bbc.co.uk,Male,$70379.92,78,19,5,Albania
Sydel,Senogles,ssenoglesjc@usatoday.com,Female,$64986.50,76,29,6,Indonesia
Reube,Jeenes,rjeenesjd@mayoclinic.com,Male,$67425.54,78,20,6,China
Brinn,Josupeit,bjosupeitje@sciencedaily.com,Female,$48637.59,98,40,6,Sweden
Agnes,Doberer,adobererjf@apache.org,Female,$87393.74,95,44,7,Poland
Gunilla,Carmichael,gcarmichaeljg@trellian.com,Female,$16467.01,53,32,5,China
Renell,Fawke,rfawkejh@craigslist.org,Female,$65148.20,70,40,6,Indonesia
Mechelle,Sollam,msollamji@lulu.com,Female,$76763.30,63,38,4,Philippines
Viviyan,Duffyn,vduffynjj@technorati.com,Female,$92891.27,80,41,6,Colombia
Estrellita,Yoxen,eyoxenjk@geocities.com,Female,$89503.85,90,38,6,Poland
Dorian,Sagerson,dsagersonjl@webs.com,Female,$23649.53,87,39,5,Poland
Marlowe,Bampkin,mbampkinjm@bizjournals.com,Male,$93229.68,97,45,5,Brazil
Nickey,Hazelden,nhazeldenjn@networkadvertising.org,Male,$44328.57,82,21,4,Syria
Mora,Guilliland,mguillilandjo@squidoo.com,Female,$91509.43,66,30,6,Ukraine
Dalis,Ivasyushkin,divasyushkinjp@ameblo.jp,Male,$32345.16,100,24,5,Russia
Bryn,De Giorgio,bdegiorgiojq@mail.ru,Female,$71549.79,63,35,4,Greece
Hogan,Winship,hwinshipjr@google.co.uk,Male,$84778.52,88,32,7,United States
Toby,Spradbery,tspradberyjs@usda.gov,Female,$90214.76,60,21,4,China
Olivier,Penke,openkejt@about.com,Male,$46796.73,77,28,7,Brazil
Rodrick,Lefever,rlefeverju@ebay.co.uk,Male,$77450.38,83,19,5,China
Silvano,Grouer,sgrouerjv@wired.com,Male,$71821.90,66,29,6,Argentina
Dari,Warrier,dwarrierjw@biglobe.ne.jp,Female,$17549.77,93,23,7,Philippines
Cale,Manlow,cmanlowjx@devhub.com,Male,$44943.19,60,33,5,Botswana
Reine,Trustrie,rtrustriejy@theatlantic.com,Female,$31012.31,80,49,5,Russia
Byran,de Tocqueville,bdetocquevillejz@accuweather.com,Male,$29562.59,86,38,7,Indonesia
Sydney,Fandrich,sfandrichk0@mac.com,Male,$71979.22,75,37,5,Indonesia
Quintilla,Cockaday,qcockadayk1@discovery.com,Female,$68256.70,63,38,5,France
Belvia,Ridler,bridlerk2@boston.com,Female,$69851.97,56,50,5,China
Letisha,Jeays,ljeaysk3@geocities.com,Female,$19685.74,79,22,6,Sweden
Ced,Flacknell,cflacknellk4@ovh.net,Male,$96655.70,71,49,6,Brazil
Tedi,Wackly,twacklyk5@nytimes.com,Female,$54772.03,74,28,4,Lithuania
Othella,Ringsell,oringsellk6@adobe.com,Female,$92937.37,65,34,4,Portugal
Newton,Dunford,ndunfordk7@state.gov,Male,$79978.93,99,28,6,China
Cathi,Bartolomeoni,cbartolomeonik8@nyu.edu,Female,$67862.57,93,36,5,Russia
Arlyne,Karpfen,akarpfenk9@weebly.com,Female,$86743.63,87,28,4,Sweden
Honor,Jodrelle,hjodrelleka@altervista.org,Female,$42404.59,77,50,5,Cuba
Alejoa,Bernhart,abernhartkb@examiner.com,Male,$83890.39,92,20,4,Brazil
Clark,Dewerson,cdewersonkc@jugem.jp,Male,$46579.45,58,38,4,Nigeria
Whitney,Mosdall,wmosdallkd@google.es,Male,$70198.17,72,37,6,Indonesia
Sibylla,Nulty,snultyke@multiply.com,Female,$28215.56,72,49,4,Indonesia
Sal,Jira,sjirakf@msu.edu,Female,$51113.05,61,19,7,China
Kelcy,Yegorchenkov,kyegorchenkovkg@unblog.fr,Female,$20017.03,91,23,6,China
Ermengarde,Clarabut,eclarabutkh@devhub.com,Female,$97652.65,71,23,7,France
Culver,Phelipeau,cphelipeauki@rediff.com,Male,$53605.47,94,46,4,China
Aeriel,Tivenan,ativenankj@bloglines.com,Female,$30725.03,96,23,6,China
Emmanuel,Pleasants,epleasantskk@globo.com,Male,$86806.25,70,43,6,Norway
Hildagard,Gibby,hgibbykl@cafepress.com,Female,$35540.26,86,22,5,Indonesia
Waly,Philipeaux,wphilipeauxkm@wikimedia.org,Female,$79656.09,69,44,4,Poland
Leon,Mariot,lmariotkn@amazon.co.uk,Male,$99048.47,64,26,6,Russia
Lani,Burnitt,lburnittko@amazon.co.jp,Female,$13298.78,94,49,6,Yemen
Bianca,Londors,blondorskp@nih.gov,Female,$93442.10,91,19,4,Spain
Dre,Curston,dcurstonkq@amazon.co.uk,Female,$37046.06,82,38,6,Brazil
Wandis,Echlin,wechlinkr@bravesites.com,Female,$19255.20,100,26,5,China
Kirbee,Assante,kassanteks@barnesandnoble.com,Female,$47841.69,67,48,6,Sweden
Mariel,Broadbury,mbroadburykt@ustream.tv,Female,$94426.94,59,18,5,Portugal
Annalee,Ambridge,aambridgeku@fastcompany.com,Female,$49710.17,55,48,5,Ireland
Pattin,Ferris,pferriskv@scientificamerican.com,Male,$89114.35,54,49,7,China
Brenna,Crebo,bcrebokw@nationalgeographic.com,Female,$34731.55,92,47,4,China
Roosevelt,Aldous,raldouskx@usa.gov,Male,$57186.51,61,42,6,Philippines
Nessie,Aronovitz,naronovitzky@last.fm,Female,$11068.09,65,39,4,Russia
Nicky,Marns,nmarnskz@umn.edu,Female,$92697.76,62,49,6,United States
Berni,Vakhrushev,bvakhrushevl0@va.gov,Female,$86189.22,93,39,6,North Korea
Morris,Thickett,mthickettl1@clickbank.net,Male,$90206.77,68,19,7,Brazil
Mallory,Allardyce,mallardycel2@51.la,Female,$92696.85,67,43,6,Libya
Erny,Montgomery,emontgomeryl3@nhs.uk,Male,$28599.13,65,37,7,China
Flemming,Litchfield,flitchfieldl4@goodreads.com,Male,$90455.54,55,39,4,Indonesia
Gustie,Lismore,glismorel5@canalblog.com,Female,$45925.39,77,49,6,South Africa
Carine,Duncanson,cduncansonl6@altervista.org,Female,$45721.20,99,35,7,Greece
Marlyn,Gasquoine,mgasquoinel7@buzzfeed.com,Female,$67729.80,80,36,7,Thailand
Rutherford,O'Connell,roconnelll8@google.cn,Male,$83184.60,96,29,5,Indonesia
Constantin,O'Nion,conionl9@youku.com,Male,$89586.61,68,18,7,Russia
Reece,Kiddye,rkiddyela@imageshack.us,Male,$30861.12,60,28,5,China
Kaiser,Dumblton,kdumbltonlb@fotki.com,Male,$39521.48,93,40,7,France
Tuckie,Clohisey,tclohiseylc@unesco.org,Male,$11029.02,63,48,6,Philippines
Nikita,Eggleson,negglesonld@pbs.org,Male,$13564.07,87,19,4,Yemen
Amalia,Bachelar,abachelarle@hc360.com,Female,$83908.96,92,21,4,Poland
Lisha,Tinan,ltinanlf@prlog.org,Female,$18085.89,79,46,5,Indonesia
Jan,Bamber,jbamberlg@360.cn,Male,$82970.08,83,31,6,Zimbabwe
Alessandro,Gagen,agagenlh@scientificamerican.com,Male,$95686.70,75,19,6,Israel
Ignazio,Barras,ibarrasli@ft.com,Male,$99127.60,57,50,5,France
Isak,Restieaux,irestieauxlj@altervista.org,Male,$80891.79,65,22,5,China
Debera,Yosevitz,dyosevitzlk@mozilla.org,Female,$52013.76,85,40,5,United States
Max,Damiata,mdamiatall@g.co,Female,$26016.39,87,38,7,France
Charmane,Gillice,cgillicelm@dot.gov,Female,$24243.98,75,42,4,Albania
Audi,Kernley,akernleyln@ehow.com,Female,$75068.52,66,26,7,Indonesia
Judd,Flescher,jflescherlo@mac.com,Male,$12991.97,67,19,4,Cameroon
Anallese,McClurg,amcclurglp@github.io,Female,$36300.89,59,43,4,Portugal
Jaymee,Jarman,jjarmanlq@blogspot.com,Female,$86298.35,87,37,7,China
Carmina,Coneybeare,cconeybearelr@hc360.com,Female,$86698.61,91,22,6,Indonesia
Kimberlyn,Cawston,kcawstonls@cmu.edu,Female,$93885.15,67,43,5,Albania
Druci,Perel,dperellt@hostgator.com,Female,$67843.29,51,36,7,China
Lynn,Harnor,lharnorlu@cargocollective.com,Male,$84456.34,59,30,5,South Africa
Herschel,Whettleton,hwhettletonlv@facebook.com,Male,$39638.15,74,44,7,Indonesia
Robina,Blachford,rblachfordlw@walmart.com,Female,$98480.72,58,37,5,Spain
Shurwood,Mottley,smottleylx@wikimedia.org,Male,$43615.53,82,36,5,China
Fawnia,Thurlow,fthurlowly@army.mil,Female,$28111.46,59,26,5,China
Brennen,Kobieriecki,bkobierieckilz@indiegogo.com,Male,$30042.97,57,33,7,Armenia
Arly,Adshad,aadshadm0@devhub.com,Female,$75724.05,97,25,6,Colombia
Josiah,De Launde,jdelaundem1@myspace.com,Male,$26788.71,53,24,4,China
Sheffie,McKimm,smckimmm2@constantcontact.com,Male,$98145.22,88,33,7,Poland
Jeremiah,Kantor,jkantorm3@cdc.gov,Male,$49714.77,87,34,6,China
Mariana,Kirsopp,mkirsoppm4@cbsnews.com,Female,$45952.30,88,37,5,Macedonia
Bobine,Maskelyne,bmaskelynem5@latimes.com,Female,$92594.81,86,43,7,Japan
Baxy,Gutman,bgutmanm6@liveinternet.ru,Male,$98316.34,89,32,5,Russia
Reinwald,Lillicrop,rlillicropm7@epa.gov,Male,$94197.44,52,32,5,Indonesia
Madeline,Poschel,mposchelm8@hp.com,Female,$24745.17,51,38,5,Indonesia
Elsinore,Stockall,estockallm9@digg.com,Female,$70662.32,71,28,5,China
Ethe,Martijn,emartijnma@phoca.cz,Male,$97378.21,91,31,4,Portugal
Sinclair,Laughnan,slaughnanmb@blinklist.com,Male,$74930.83,69,47,5,Indonesia
Chickie,Jarnell,cjarnellmc@go.com,Male,$46670.83,84,45,6,Poland
Bondy,Matura,bmaturamd@arstechnica.com,Male,$93181.36,100,28,5,Mongolia
Datha,Bend,dbendme@webmd.com,Female,$22617.39,83,47,4,Greece
Boigie,Worley,bworleymf@fema.gov,Male,$26291.07,92,19,5,Indonesia
Ches,Drewell,cdrewellmg@microsoft.com,Male,$28491.90,95,45,4,Saudi Arabia
Sheppard,Dohmer,sdohmermh@cmu.edu,Male,$32969.85,85,50,4,Poland
Tammara,Whittuck,twhittuckmi@unc.edu,Female,$69281.03,92,50,7,China
Giustino,Weare,gwearemj@netscape.com,Male,$43661.77,99,48,4,Philippines
Engelbert,Tremoulet,etremouletmk@mapy.cz,Male,$97367.34,90,39,7,Argentina
Timmie,Matchell,tmatchellml@buzzfeed.com,Female,$97164.03,98,44,6,Poland
Talia,Mountcastle,tmountcastlemm@symantec.com,Female,$80001.15,62,25,6,Greece
Morissa,Clegg,mcleggmn@utexas.edu,Female,$84432.79,62,46,6,France
Bobbette,Cochet,bcochetmo@cnbc.com,Female,$59259.24,54,22,7,Indonesia
Xaviera,Osanne,xosannemp@mapquest.com,Female,$83687.15,55,24,7,Canada
Hanan,Bras,hbrasmq@amazon.co.jp,Male,$28575.91,65,50,4,Ukraine
Ingram,Antonowicz,iantonowiczmr@barnesandnoble.com,Male,$53746.77,67,39,5,Colombia
Sean,Irce,sircems@mtv.com,Male,$89141.53,67,32,7,Mexico
Toddie,Chirm,tchirmmt@bravesites.com,Male,$51648.41,56,18,5,Japan
Neysa,Wrigley,nwrigleymu@barnesandnoble.com,Female,$51229.50,54,23,5,Indonesia
Laurella,Killock,lkillockmv@canalblog.com,Female,$39163.21,76,30,5,China
Bern,Belt,bbeltmw@uol.com.br,Male,$14205.85,51,49,7,South Africa
Lane,Futty,lfuttymx@chicagotribune.com,Male,$86952.73,70,30,6,China
Almire,Giottini,agiottinimy@google.pl,Female,$95115.13,76,33,6,Azerbaijan
Mercie,Pickersail,mpickersailmz@parallels.com,Female,$55114.23,66,21,5,Chile
Hamnet,Gietz,hgietzn0@wsj.com,Male,$66753.81,72,36,5,China
Dimitri,Patrick,dpatrickn1@slideshare.net,Male,$22476.03,51,20,4,Philippines
Michal,Wraxall,mwraxalln2@un.org,Male,$73288.77,91,30,6,China
Leif,Lough,lloughn3@xinhuanet.com,Male,$97425.08,91,28,5,Gabon
Jasmin,Dripps,jdrippsn4@hugedomains.com,Female,$77307.12,82,44,4,Indonesia
Lorene,Kytter,lkyttern5@quantcast.com,Female,$94542.89,79,25,5,Iran
Doris,Sprey,dspreyn6@sogou.com,Female,$55904.96,81,32,6,Poland
Hillary,Goodlip,hgoodlipn7@yellowbook.com,Female,$70196.48,99,21,6,Indonesia
Joshia,Markovic,jmarkovicn8@de.vu,Male,$22300.08,74,35,4,China
Tallie,Tschersich,ttschersichn9@printfriendly.com,Male,$77984.28,64,27,5,Japan
Rosabella,Gerretsen,rgerretsenna@yandex.ru,Female,$94346.95,92,48,5,Niger
Preston,Magill,pmagillnb@nhs.uk,Male,$27124.11,90,25,6,China
Nickolai,Winear,nwinearnc@si.edu,Male,$93996.18,80,35,7,Philippines
Boniface,Curgenven,bcurgenvennd@google.nl,Male,$29722.73,88,20,6,China
Marlon,Alexandre,malexandrene@privacy.gov.au,Male,$75878.97,91,49,4,Greece
Leupold,Kindread,lkindreadnf@fastcompany.com,Male,$74744.71,89,35,6,Finland
Del,Tearney,dtearneyng@disqus.com,Female,$72081.69,50,29,5,Russia
Shannon,Silverman,ssilvermannh@aol.com,Male,$79067.05,75,32,7,Indonesia
Yvonne,Maddrah,ymaddrahni@netlog.com,Female,$99482.48,86,44,4,Indonesia
Edita,Sibthorpe,esibthorpenj@com.com,Female,$37589.46,52,34,5,China
Joanna,Pedrick,jpedricknk@unesco.org,Female,$90645.07,97,30,4,Japan
Liana,Fesby,lfesbynl@hugedomains.com,Female,$45617.36,76,32,6,Philippines
Bertie,Wiltshaw,bwiltshawnm@marriott.com,Female,$55701.17,98,37,5,Saudi Arabia
Aeriela,Allibone,aallibonenn@artisteer.com,Female,$75996.68,89,36,4,Nigeria
Forrest,Querrard,fquerrardno@moonfruit.com,Male,$12705.18,66,50,4,Czech Republic
Lisabeth,Harness,lharnessnp@dyndns.org,Female,$15601.40,56,42,4,Morocco
Otes,Kite,okitenq@discovery.com,Male,$23757.92,50,42,7,Russia
Annabelle,McKenzie,amckenzienr@google.com.au,Female,$38823.21,86,42,4,Russia
Bertha,Goldhill,bgoldhillns@nba.com,Female,$73669.54,95,25,6,Belarus
Martie,Janjic,mjanjicnt@cafepress.com,Female,$86514.45,93,34,6,Ireland
Pyotr,Taffley,ptaffleynu@elegantthemes.com,Male,$42291.38,74,30,6,China
Leora,Vannini,lvannininv@army.mil,Female,$61452.83,88,34,4,Poland
Alexei,Colls,acollsnw@sogou.com,Male,$77778.09,87,47,4,Philippines
Marguerite,Greenleaf,mgreenleafnx@goo.ne.jp,Female,$47942.78,83,38,6,China
Giustina,Bushen,gbushenny@gmpg.org,Female,$13780.90,62,49,5,Costa Rica
Vin,Gartshore,vgartshorenz@livejournal.com,Female,$46205.96,78,44,5,Brazil
Fabiano,Greener,fgreenero0@furl.net,Male,$80823.55,98,32,7,Mali
Brade,Heiss,bheisso1@springer.com,Male,$43540.95,66,43,6,Bangladesh
Aguistin,Knotton,aknottono2@un.org,Male,$49689.95,89,36,5,Poland
Andre,Joerning,ajoerningo3@nbcnews.com,Male,$85443.22,50,40,5,China
Dud,Vuitte,dvuitteo4@wufoo.com,Male,$58356.73,83,38,7,Philippines
Alexine,Glavis,aglaviso5@imageshack.us,Female,$50856.83,58,28,4,Niger
Timmy,Mawman,tmawmano6@va.gov,Female,$58784.98,72,35,4,Japan
Kara-lynn,Fogel,kfogelo7@yellowbook.com,Female,$20112.19,77,43,7,Jamaica
Dani,Getcliffe,dgetcliffeo8@sbwire.com,Female,$79707.84,88,19,7,Indonesia
Ward,Rainard,wrainardo9@bloomberg.com,Male,$29682.43,67,28,6,Philippines
Rodi,Hardesty,rhardestyoa@i2i.jp,Female,$55656.39,76,36,4,Russia
Manuel,Zorzi,mzorziob@tinypic.com,Male,$76390.70,97,21,5,Portugal
Juliann,Gavin,jgavinoc@forbes.com,Female,$47912.48,77,34,4,Poland
Dore,Jordi,djordiod@tripod.com,Male,$12121.03,94,50,4,Argentina
Jasen,Bruinsma,jbruinsmaoe@cloudflare.com,Male,$14650.75,76,40,7,Poland
Alene,Wherton,awhertonof@huffingtonpost.com,Female,$25648.45,85,26,6,Colombia
Catherine,Artindale,cartindaleog@miitbeian.gov.cn,Female,$72965.07,56,38,7,Dominica
Warden,Edgerton,wedgertonoh@stumbleupon.com,Male,$25548.64,64,25,6,Colombia
Jasmin,Hallad,jhalladoi@washingtonpost.com,Female,$66167.05,67,18,5,Madagascar
Joseph,Earsman,jearsmanoj@histats.com,Male,$41975.87,81,27,7,China
Di,Bandt,dbandtok@posterous.com,Female,$13165.54,64,24,6,Indonesia
Reg,Pratchett,rpratchettol@theatlantic.com,Male,$74881.96,52,37,7,Philippines
Rutter,McQuilty,rmcquiltyom@senate.gov,Male,$13807.21,91,48,4,Greece
Ermina,Leffek,eleffekon@oaic.gov.au,Female,$87304.32,57,37,4,China
Janek,Battrum,jbattrumoo@pinterest.com,Male,$51824.07,52,38,6,Myanmar
Flem,Teacy,fteacyop@sohu.com,Male,$39541.24,95,33,7,Azerbaijan
Carmelia,Ghidini,cghidinioq@businesswire.com,Female,$97433.05,88,19,6,China
Karim,Sibley,ksibleyor@examiner.com,Male,$57105.68,65,41,5,Guatemala
Ilysa,Tompkins,itompkinsos@blogger.com,Female,$29678.17,74,36,4,United States
Hayes,Matthews,hmatthewsot@facebook.com,Male,$82694.66,86,18,7,Indonesia
Nowell,Utton,nuttonou@discovery.com,Male,$78358.95,97,50,7,China
Gabey,Dewhurst,gdewhurstov@mail.ru,Female,$51099.93,68,23,4,Mexico
Konstantin,Beake,kbeakeow@bloglovin.com,Male,$16999.49,79,36,5,Saudi Arabia
Estel,Parlor,eparlorox@cbc.ca,Female,$41263.63,57,32,5,Czech Republic
Buck,Kitto,bkittooy@reddit.com,Male,$13427.14,64,37,4,Colombia
Agneta,Janu,ajanuoz@theatlantic.com,Female,$57302.81,95,32,4,Russia
Clay,Ather,catherp0@slashdot.org,Male,$53623.93,85,27,7,Mauritius
Kathe,Hucklesby,khucklesbyp1@forbes.com,Female,$40498.02,93,40,5,Syria
Yoshiko,Kidder,ykidderp2@opensource.org,Female,$65062.39,88,31,7,Nicaragua
Alex,Upton,auptonp3@adobe.com,Male,$37038.82,64,26,5,Belarus
Mahmoud,Agass,magassp4@tripadvisor.com,Male,$33636.05,70,41,7,Indonesia
Brittaney,Hestrop,bhestropp5@state.gov,Female,$98274.07,95,24,6,Philippines
Marianne,MacWhan,mmacwhanp6@imageshack.us,Female,$61764.66,71,49,5,Poland
Francesco,Emeline,femelinep7@sfgate.com,Male,$99231.13,67,44,6,Indonesia
Booth,Gerrietz,bgerrietzp8@g.co,Male,$98844.04,78,31,4,United States
Kimball,Reilly,kreillyp9@google.fr,Male,$17257.39,100,39,7,China
Veronique,Joskovitch,vjoskovitchpa@e-recht24.de,Female,$58299.77,60,28,5,Portugal
Latisha,Quaif,lquaifpb@nifty.com,Female,$53475.58,97,30,5,Russia
Sargent,Ballard,sballardpc@google.com.br,Male,$11440.00,87,40,5,Poland
Hewett,Shimuk,hshimukpd@lulu.com,Male,$93928.51,73,39,4,Iran
Ivor,Purches,ipurchespe@surveymonkey.com,Male,$73132.21,69,47,6,Ecuador
Kristal,Gamlyn,kgamlynpf@nytimes.com,Female,$98914.26,85,36,4,China
Laurianne,Trytsman,ltrytsmanpg@army.mil,Female,$19481.63,54,30,4,Greece
Doralynn,Hair,dhairph@ted.com,Female,$92772.07,80,43,4,Philippines
Noemi,Wookey,nwookeypi@t.co,Female,$60884.22,91,25,4,Indonesia
Lexine,Westwell,lwestwellpj@kickstarter.com,Female,$77406.41,57,47,6,Portugal
Henrietta,Moehle,hmoehlepk@sfgate.com,Female,$26704.95,56,28,6,Indonesia
Randolf,Skipperbottom,rskipperbottompl@1und1.de,Male,$44081.86,77,33,5,Mexico
Merilyn,Silversmidt,msilversmidtpm@unblog.fr,Female,$96135.83,86,45,4,Japan
Piggy,Stevings,pstevingspn@imgur.com,Male,$71182.42,50,22,7,Peru
Wernher,Garard,wgarardpo@1688.com,Male,$18913.37,59,25,6,Poland
Addia,Shottin,ashottinpp@weather.com,Female,$28445.66,58,24,7,Sweden
Vinnie,Plumridege,vplumridegepq@php.net,Male,$49202.24,63,36,6,Latvia
Johan,Hanna,jhannapr@lulu.com,Male,$77988.43,60,24,4,Indonesia
Becka,Chittim,bchittimps@over-blog.com,Female,$86474.50,97,35,6,Indonesia
Sansone,Abramovicz,sabramoviczpt@si.edu,Male,$67454.58,67,32,6,Somalia
Leslie,Bruyet,lbruyetpu@bravesites.com,Female,$67545.04,63,26,6,Ukraine
Ardys,Kitchinghan,akitchinghanpv@1und1.de,Female,$93809.38,82,29,5,Indonesia
Asa,Muir,amuirpw@salon.com,Male,$48912.91,96,34,4,China
Ariela,Todman,atodmanpx@creativecommons.org,Female,$19217.68,53,46,6,Nigeria
Wat,Padginton,wpadgintonpy@narod.ru,Male,$69661.77,92,25,7,China
Shaine,Sreenan,ssreenanpz@nps.gov,Male,$14581.36,72,31,4,Thailand
Franni,Satterley,fsatterleyq0@weather.com,Female,$44683.44,68,33,4,Philippines
Torrey,Keady,tkeadyq1@e-recht24.de,Male,$13155.70,84,18,7,Morocco
Samaria,Le Merchant,slemerchantq2@pen.io,Female,$12878.50,66,41,7,France
Vinson,Sharvill,vsharvillq3@jigsy.com,Male,$59261.75,99,42,6,New Zealand
Andrey,Goodge,agoodgeq4@google.de,Male,$12879.58,61,21,7,Philippines
Miguel,Spratt,msprattq5@w3.org,Male,$47322.93,50,48,7,Honduras
Georges,Scandroot,gscandrootq6@accuweather.com,Male,$28296.97,58,38,4,China
Derwin,Dumblton,ddumbltonq7@hp.com,Male,$22940.20,68,35,4,China
Kevyn,Legrand,klegrandq8@google.ca,Female,$40548.34,57,33,4,Ireland
Rob,Fraczek,rfraczekq9@prnewswire.com,Male,$90716.30,75,42,7,Philippines
Noami,Riddett,nriddettqa@cnn.com,Female,$34988.95,85,46,4,China
Lombard,Malenfant,lmalenfantqb@jimdo.com,Male,$50152.61,68,25,5,Indonesia
Carry,Ogilvie,cogilvieqc@walmart.com,Female,$43344.07,81,20,5,Indonesia
Mozes,Pamphilon,mpamphilonqd@discovery.com,Male,$31088.10,80,33,7,Japan
Trever,Fasham,tfashamqe@vkontakte.ru,Male,$72864.85,69,22,7,Philippines
Lorrin,Keohane,lkeohaneqf@tripadvisor.com,Female,$96295.05,52,30,4,Brazil
Rodie,Bigg,rbiggqg@bandcamp.com,Female,$31331.88,80,31,4,Philippines
Vi,Bonnier,vbonnierqh@toplist.cz,Female,$40906.50,93,40,4,China
Arther,Foyle,afoyleqi@reuters.com,Male,$28350.42,86,34,6,Honduras
Eda,Woolerton,ewoolertonqj@privacy.gov.au,Female,$15941.99,82,20,4,China
Jobie,Seagood,jseagoodqk@wufoo.com,Female,$55634.89,64,19,4,New Zealand
Bradford,Buyers,bbuyersql@plala.or.jp,Male,$76834.32,89,25,7,Bangladesh
Marci,Warrington,mwarringtonqm@tinypic.com,Female,$27392.71,54,22,6,China
Gaspard,Franckton,gfrancktonqn@cdc.gov,Male,$97781.02,79,37,4,Germany
Graeme,Broske,gbroskeqo@tamu.edu,Male,$14282.89,80,32,4,United States
Lothario,Lukins,llukinsqp@abc.net.au,Male,$25006.26,54,48,7,Brazil
Kristos,Mosco,kmoscoqq@reddit.com,Male,$17771.84,73,47,7,United States
Paquito,Megarrell,pmegarrellqr@simplemachines.org,Male,$19666.86,87,41,5,Poland
Susi,Greeno,sgreenoqs@usgs.gov,Female,$54826.01,94,26,5,China
Moyra,Paradis,mparadisqt@woothemes.com,Female,$80945.59,66,45,6,China
Antoinette,Melanaphy,amelanaphyqu@bluehost.com,Female,$12501.51,73,39,5,Indonesia
Sigismond,Arboine,sarboineqv@omniture.com,Male,$33544.84,89,46,6,Palestinian Territory
Jodi,Tresvina,jtresvinaqw@businesswire.com,Male,$85955.87,92,31,7,China
Donal,Curman,dcurmanqx@scientificamerican.com,Male,$58120.18,63,21,5,China
Remus,Baraclough,rbaracloughqy@wunderground.com,Male,$90350.26,65,24,5,Japan
Zedekiah,Billingham,zbillinghamqz@behance.net,Male,$73577.24,98,35,4,Macedonia
William,Madill,wmadillr0@quantcast.com,Male,$80343.32,75,22,7,Indonesia
Timotheus,Look,tlookr1@instagram.com,Male,$93969.57,56,30,4,Greece
Patrice,Couttes,pcouttesr2@issuu.com,Male,$94367.86,79,36,4,Russia
Davey,Beeston,dbeestonr3@jigsy.com,Male,$96467.45,94,28,4,Philippines
Danell,Forster,dforsterr4@biblegateway.com,Female,$69955.10,86,46,5,Sweden
Brina,Fincken,bfinckenr5@cdc.gov,Female,$42869.50,52,45,6,Peru
Emmeline,Basindale,ebasindaler6@nytimes.com,Female,$92365.33,50,34,4,United States
Ban,Yurocjkin,byurocjkinr7@angelfire.com,Male,$66912.35,67,25,7,Armenia
Aldous,Keyser,akeyserr8@devhub.com,Male,$21228.04,57,35,5,Nigeria
Creigh,Gawkes,cgawkesr9@nih.gov,Male,$23754.38,84,25,6,Poland
Mandi,Dewire,mdewirera@weebly.com,Female,$62943.35,97,47,6,Croatia
Amalee,Skellen,askellenrb@who.int,Female,$36676.78,68,42,4,Poland
Cynthea,Albrooke,calbrookerc@boston.com,Female,$45515.28,60,49,5,Indonesia
Rosemaria,McDermott-Row,rmcdermottrowrd@nasa.gov,Female,$47415.69,86,50,6,France
Selena,Avey,saveyre@apple.com,Female,$78461.71,80,37,6,United States
Janis,Emson,jemsonrf@dot.gov,Female,$60007.14,61,39,4,Jamaica
Lonnie,Gantzer,lgantzerrg@barnesandnoble.com,Male,$65498.23,68,32,5,Indonesia
Wood,Leithgoe,wleithgoerh@mysql.com,Male,$89727.97,84,29,6,Czech Republic
Odie,Ridder,oridderri@boston.com,Male,$98009.62,54,22,5,China
Kevin,Pelman,kpelmanrj@theglobeandmail.com,Male,$49898.15,78,48,6,Indonesia
Bartholemy,Sansun,bsansunrk@theatlantic.com,Male,$37024.29,62,33,6,Poland
Cara,Squires,csquiresrl@delicious.com,Female,$65526.78,100,29,5,North Korea
Katya,Cornils,kcornilsrm@imdb.com,Female,$74494.22,52,49,7,New Caledonia
Nanete,Remirez,nremirezrn@google.pl,Female,$33308.38,74,26,7,Uganda
Kimbell,Dymock,kdymockro@psu.edu,Male,$60560.05,79,49,5,Azerbaijan
Reggie,Do Rosario,rdorosariorp@usa.gov,Male,$60953.07,78,39,7,Portugal
Phillipe,Lethbrig,plethbrigrq@deviantart.com,Male,$80909.89,100,49,4,Serbia
Cleon,Shufflebotham,cshufflebothamrr@360.cn,Male,$78044.80,78,49,6,Pakistan
